Date,Warehouse_ID,SKU_ID,Forecasted_Qty
2026-01-26,W01_New_Jersey,ZEN-101,52
2026-01-27,W01_New_Jersey,ZEN-101,51
2026-01-28,W01_New_Jersey,ZEN-101,52
2026-01-29,W01_New_Jersey,ZEN-101,32
2026-01-30,W01_New_Jersey,ZEN-101,49
2026-01-31,W01_New_Jersey,ZEN-101,30
2026-02-01,W01_New_Jersey,ZEN-101,48
2026-02-02,W01_New_Jersey,ZEN-101,41
2026-02-03,W01_New_Jersey,ZEN-101,33
2026-02-04,W01_New_Jersey,ZEN-101,38
2026-02-05,W01_New_Jersey,ZEN-101,53
2026-02-06,W01_New_Jersey,ZEN-101,36
2026-02-07,W01_New_Jersey,ZEN-101,27
2026-02-08,W01_New_Jersey,ZEN-101,33
2026-02-09,W01_New_Jersey,ZEN-101,27
2026-02-10,W01_New_Jersey,ZEN-101,12
2026-02-11,W01_New_Jersey,ZEN-101,29
2026-02-12,W01_New_Jersey,ZEN-101,44
2026-02-13,W01_New_Jersey,ZEN-101,27
2026-02-14,W01_New_Jersey,ZEN-101,31
2026-02-15,W01_New_Jersey,ZEN-101,27
2026-01-26,W01_New_Jersey,ZEN-201,4
2026-01-27,W01_New_Jersey,ZEN-201,6
2026-01-28,W01_New_Jersey,ZEN-201,8
2026-01-29,W01_New_Jersey,ZEN-201,10
2026-01-30,W01_New_Jersey,ZEN-201,13
2026-01-31,W01_New_Jersey,ZEN-201,15
2026-02-01,W01_New_Jersey,ZEN-201,13
2026-02-02,W01_New_Jersey,ZEN-201,5
2026-02-03,W01_New_Jersey,ZEN-201,7
2026-02-04,W01_New_Jersey,ZEN-201,9
2026-02-05,W01_New_Jersey,ZEN-201,7
2026-02-06,W01_New_Jersey,ZEN-201,8
2026-02-07,W01_New_Jersey,ZEN-201,6
2026-02-08,W01_New_Jersey,ZEN-201,15
2026-02-09,W01_New_Jersey,ZEN-201,11
2026-02-10,W01_New_Jersey,ZEN-201,13
2026-02-11,W01_New_Jersey,ZEN-201,12
2026-02-12,W01_New_Jersey,ZEN-201,9
2026-02-13,W01_New_Jersey,ZEN-201,12
2026-02-14,W01_New_Jersey,ZEN-201,6
2026-02-15,W01_New_Jersey,ZEN-201,12
2026-01-26,W01_New_Jersey,ZEN-102,8
2026-01-27,W01_New_Jersey,ZEN-102,11
2026-01-28,W01_New_Jersey,ZEN-102,14
2026-01-29,W01_New_Jersey,ZEN-102,14
2026-01-30,W01_New_Jersey,ZEN-102,11
2026-01-31,W01_New_Jersey,ZEN-102,10
2026-02-01,W01_New_Jersey,ZEN-102,11
2026-02-02,W01_New_Jersey,ZEN-102,11
2026-02-03,W01_New_Jersey,ZEN-102,7
2026-02-04,W01_New_Jersey,ZEN-102,3
2026-02-05,W01_New_Jersey,ZEN-102,9
2026-02-06,W01_New_Jersey,ZEN-102,7
2026-02-07,W01_New_Jersey,ZEN-102,10
2026-02-08,W01_New_Jersey,ZEN-102,9
2026-02-09,W01_New_Jersey,ZEN-102,9
2026-02-10,W01_New_Jersey,ZEN-102,13
2026-02-11,W01_New_Jersey,ZEN-102,12
2026-02-12,W01_New_Jersey,ZEN-102,12
2026-02-13,W01_New_Jersey,ZEN-102,10
2026-02-14,W01_New_Jersey,ZEN-102,8
2026-02-15,W01_New_Jersey,ZEN-102,13
2026-01-26,W01_New_Jersey,ZEN-301,12
2026-01-27,W01_New_Jersey,ZEN-301,6
2026-01-28,W01_New_Jersey,ZEN-301,4
2026-01-29,W01_New_Jersey,ZEN-301,9
2026-01-30,W01_New_Jersey,ZEN-301,7
2026-01-31,W01_New_Jersey,ZEN-301,7
2026-02-01,W01_New_Jersey,ZEN-301,7
2026-02-02,W01_New_Jersey,ZEN-301,7
2026-02-03,W01_New_Jersey,ZEN-301,13
2026-02-04,W01_New_Jersey,ZEN-301,15
2026-02-05,W01_New_Jersey,ZEN-301,9
2026-02-06,W01_New_Jersey,ZEN-301,7
2026-02-07,W01_New_Jersey,ZEN-301,9
2026-02-08,W01_New_Jersey,ZEN-301,6
2026-02-09,W01_New_Jersey,ZEN-301,9
2026-02-10,W01_New_Jersey,ZEN-301,11
2026-02-11,W01_New_Jersey,ZEN-301,7
2026-02-12,W01_New_Jersey,ZEN-301,10
2026-02-13,W01_New_Jersey,ZEN-301,11
2026-02-14,W01_New_Jersey,ZEN-301,7
2026-02-15,W01_New_Jersey,ZEN-301,10
2026-01-26,W01_New_Jersey,ZEN-401,10
2026-01-27,W01_New_Jersey,ZEN-401,5
2026-01-28,W01_New_Jersey,ZEN-401,7
2026-01-29,W01_New_Jersey,ZEN-401,11
2026-01-30,W01_New_Jersey,ZEN-401,12
2026-01-31,W01_New_Jersey,ZEN-401,8
2026-02-01,W01_New_Jersey,ZEN-401,12
2026-02-02,W01_New_Jersey,ZEN-401,15
2026-02-03,W01_New_Jersey,ZEN-401,14
2026-02-04,W01_New_Jersey,ZEN-401,10
2026-02-05,W01_New_Jersey,ZEN-401,10
2026-02-06,W01_New_Jersey,ZEN-401,14
2026-02-07,W01_New_Jersey,ZEN-401,12
2026-02-08,W01_New_Jersey,ZEN-401,15
2026-02-09,W01_New_Jersey,ZEN-401,5
2026-02-10,W01_New_Jersey,ZEN-401,7
2026-02-11,W01_New_Jersey,ZEN-401,4
2026-02-12,W01_New_Jersey,ZEN-401,8
2026-02-13,W01_New_Jersey,ZEN-401,12
2026-02-14,W01_New_Jersey,ZEN-401,6
2026-02-15,W01_New_Jersey,ZEN-401,14
2026-01-26,W01_New_Jersey,ZEN-900,11
2026-01-27,W01_New_Jersey,ZEN-900,6
2026-01-28,W01_New_Jersey,ZEN-900,7
2026-01-29,W01_New_Jersey,ZEN-900,8
2026-01-30,W01_New_Jersey,ZEN-900,12
2026-01-31,W01_New_Jersey,ZEN-900,11
2026-02-01,W01_New_Jersey,ZEN-900,6
2026-02-02,W01_New_Jersey,ZEN-900,6
2026-02-03,W01_New_Jersey,ZEN-900,11
2026-02-04,W01_New_Jersey,ZEN-900,8
2026-02-05,W01_New_Jersey,ZEN-900,7
2026-02-06,W01_New_Jersey,ZEN-900,12
2026-02-07,W01_New_Jersey,ZEN-900,5
2026-02-08,W01_New_Jersey,ZEN-900,8
2026-02-09,W01_New_Jersey,ZEN-900,10
2026-02-10,W01_New_Jersey,ZEN-900,7
2026-02-11,W01_New_Jersey,ZEN-900,8
2026-02-12,W01_New_Jersey,ZEN-900,10
2026-02-13,W01_New_Jersey,ZEN-900,12
2026-02-14,W01_New_Jersey,ZEN-900,8
2026-02-15,W01_New_Jersey,ZEN-900,6
2026-01-26,W01_New_Jersey,ZEN-901,11
2026-01-27,W01_New_Jersey,ZEN-901,4
2026-01-28,W01_New_Jersey,ZEN-901,9
2026-01-29,W01_New_Jersey,ZEN-901,7
2026-01-30,W01_New_Jersey,ZEN-901,10
2026-01-31,W01_New_Jersey,ZEN-901,10
2026-02-01,W01_New_Jersey,ZEN-901,8
2026-02-02,W01_New_Jersey,ZEN-901,8
2026-02-03,W01_New_Jersey,ZEN-901,9
2026-02-04,W01_New_Jersey,ZEN-901,14
2026-02-05,W01_New_Jersey,ZEN-901,14
2026-02-06,W01_New_Jersey,ZEN-901,9
2026-02-07,W01_New_Jersey,ZEN-901,11
2026-02-08,W01_New_Jersey,ZEN-901,11
2026-02-09,W01_New_Jersey,ZEN-901,7
2026-02-10,W01_New_Jersey,ZEN-901,13
2026-02-11,W01_New_Jersey,ZEN-901,12
2026-02-12,W01_New_Jersey,ZEN-901,9
2026-02-13,W01_New_Jersey,ZEN-901,7
2026-02-14,W01_New_Jersey,ZEN-901,14
2026-02-15,W01_New_Jersey,ZEN-901,10
2026-01-26,W01_New_Jersey,ZEN-902,5
2026-01-27,W01_New_Jersey,ZEN-902,10
2026-01-28,W01_New_Jersey,ZEN-902,14
2026-01-29,W01_New_Jersey,ZEN-902,9
2026-01-30,W01_New_Jersey,ZEN-902,10
2026-01-31,W01_New_Jersey,ZEN-902,8
2026-02-01,W01_New_Jersey,ZEN-902,10
2026-02-02,W01_New_Jersey,ZEN-902,12
2026-02-03,W01_New_Jersey,ZEN-902,14
2026-02-04,W01_New_Jersey,ZEN-902,12
2026-02-05,W01_New_Jersey,ZEN-902,11
2026-02-06,W01_New_Jersey,ZEN-902,8
2026-02-07,W01_New_Jersey,ZEN-902,12
2026-02-08,W01_New_Jersey,ZEN-902,7
2026-02-09,W01_New_Jersey,ZEN-902,11
2026-02-10,W01_New_Jersey,ZEN-902,14
2026-02-11,W01_New_Jersey,ZEN-902,8
2026-02-12,W01_New_Jersey,ZEN-902,12
2026-02-13,W01_New_Jersey,ZEN-902,3
2026-02-14,W01_New_Jersey,ZEN-902,10
2026-02-15,W01_New_Jersey,ZEN-902,10
2026-01-26,W01_New_Jersey,ZEN-903,11
2026-01-27,W01_New_Jersey,ZEN-903,10
2026-01-28,W01_New_Jersey,ZEN-903,8
2026-01-29,W01_New_Jersey,ZEN-903,5
2026-01-30,W01_New_Jersey,ZEN-903,10
2026-01-31,W01_New_Jersey,ZEN-903,8
2026-02-01,W01_New_Jersey,ZEN-903,6
2026-02-02,W01_New_Jersey,ZEN-903,9
2026-02-03,W01_New_Jersey,ZEN-903,7
2026-02-04,W01_New_Jersey,ZEN-903,11
2026-02-05,W01_New_Jersey,ZEN-903,10
2026-02-06,W01_New_Jersey,ZEN-903,10
2026-02-07,W01_New_Jersey,ZEN-903,7
2026-02-08,W01_New_Jersey,ZEN-903,7
2026-02-09,W01_New_Jersey,ZEN-903,7
2026-02-10,W01_New_Jersey,ZEN-903,8
2026-02-11,W01_New_Jersey,ZEN-903,9
2026-02-12,W01_New_Jersey,ZEN-903,13
2026-02-13,W01_New_Jersey,ZEN-903,5
2026-02-14,W01_New_Jersey,ZEN-903,11
2026-02-15,W01_New_Jersey,ZEN-903,11
2026-01-26,W01_New_Jersey,ZEN-904,6
2026-01-27,W01_New_Jersey,ZEN-904,7
2026-01-28,W01_New_Jersey,ZEN-904,9
2026-01-29,W01_New_Jersey,ZEN-904,8
2026-01-30,W01_New_Jersey,ZEN-904,10
2026-01-31,W01_New_Jersey,ZEN-904,6
2026-02-01,W01_New_Jersey,ZEN-904,11
2026-02-02,W01_New_Jersey,ZEN-904,8
2026-02-03,W01_New_Jersey,ZEN-904,13
2026-02-04,W01_New_Jersey,ZEN-904,11
2026-02-05,W01_New_Jersey,ZEN-904,12
2026-02-06,W01_New_Jersey,ZEN-904,9
2026-02-07,W01_New_Jersey,ZEN-904,8
2026-02-08,W01_New_Jersey,ZEN-904,8
2026-02-09,W01_New_Jersey,ZEN-904,9
2026-02-10,W01_New_Jersey,ZEN-904,9
2026-02-11,W01_New_Jersey,ZEN-904,6
2026-02-12,W01_New_Jersey,ZEN-904,11
2026-02-13,W01_New_Jersey,ZEN-904,6
2026-02-14,W01_New_Jersey,ZEN-904,12
2026-02-15,W01_New_Jersey,ZEN-904,8
2026-01-26,W02_Chicago,ZEN-101,7
2026-01-27,W02_Chicago,ZEN-101,7
2026-01-28,W02_Chicago,ZEN-101,9
2026-01-29,W02_Chicago,ZEN-101,9
2026-01-30,W02_Chicago,ZEN-101,8
2026-01-31,W02_Chicago,ZEN-101,11
2026-02-01,W02_Chicago,ZEN-101,11
2026-02-02,W02_Chicago,ZEN-101,12
2026-02-03,W02_Chicago,ZEN-101,8
2026-02-04,W02_Chicago,ZEN-101,9
2026-02-05,W02_Chicago,ZEN-101,8
2026-02-06,W02_Chicago,ZEN-101,13
2026-02-07,W02_Chicago,ZEN-101,12
2026-02-08,W02_Chicago,ZEN-101,7
2026-02-09,W02_Chicago,ZEN-101,11
2026-02-10,W02_Chicago,ZEN-101,13
2026-02-11,W02_Chicago,ZEN-101,5
2026-02-12,W02_Chicago,ZEN-101,14
2026-02-13,W02_Chicago,ZEN-101,10
2026-02-14,W02_Chicago,ZEN-101,10
2026-02-15,W02_Chicago,ZEN-101,8
2026-01-26,W02_Chicago,ZEN-201,5
2026-01-27,W02_Chicago,ZEN-201,8
2026-01-28,W02_Chicago,ZEN-201,12
2026-01-29,W02_Chicago,ZEN-201,11
2026-01-30,W02_Chicago,ZEN-201,7
2026-01-31,W02_Chicago,ZEN-201,7
2026-02-01,W02_Chicago,ZEN-201,11
2026-02-02,W02_Chicago,ZEN-201,12
2026-02-03,W02_Chicago,ZEN-201,7
2026-02-04,W02_Chicago,ZEN-201,6
2026-02-05,W02_Chicago,ZEN-201,9
2026-02-06,W02_Chicago,ZEN-201,13
2026-02-07,W02_Chicago,ZEN-201,7
2026-02-08,W02_Chicago,ZEN-201,9
2026-02-09,W02_Chicago,ZEN-201,19
2026-02-10,W02_Chicago,ZEN-201,12
2026-02-11,W02_Chicago,ZEN-201,11
2026-02-12,W02_Chicago,ZEN-201,13
2026-02-13,W02_Chicago,ZEN-201,10
2026-02-14,W02_Chicago,ZEN-201,8
2026-02-15,W02_Chicago,ZEN-201,4
2026-01-26,W02_Chicago,ZEN-102,8
2026-01-27,W02_Chicago,ZEN-102,18
2026-01-28,W02_Chicago,ZEN-102,9
2026-01-29,W02_Chicago,ZEN-102,9
2026-01-30,W02_Chicago,ZEN-102,12
2026-01-31,W02_Chicago,ZEN-102,2
2026-02-01,W02_Chicago,ZEN-102,12
2026-02-02,W02_Chicago,ZEN-102,11
2026-02-03,W02_Chicago,ZEN-102,4
2026-02-04,W02_Chicago,ZEN-102,9
2026-02-05,W02_Chicago,ZEN-102,9
2026-02-06,W02_Chicago,ZEN-102,16
2026-02-07,W02_Chicago,ZEN-102,8
2026-02-08,W02_Chicago,ZEN-102,7
2026-02-09,W02_Chicago,ZEN-102,2
2026-02-10,W02_Chicago,ZEN-102,7
2026-02-11,W02_Chicago,ZEN-102,6
2026-02-12,W02_Chicago,ZEN-102,15
2026-02-13,W02_Chicago,ZEN-102,6
2026-02-14,W02_Chicago,ZEN-102,14
2026-02-15,W02_Chicago,ZEN-102,6
2026-01-26,W02_Chicago,ZEN-301,5
2026-01-27,W02_Chicago,ZEN-301,10
2026-01-28,W02_Chicago,ZEN-301,8
2026-01-29,W02_Chicago,ZEN-301,16
2026-01-30,W02_Chicago,ZEN-301,10
2026-01-31,W02_Chicago,ZEN-301,11
2026-02-01,W02_Chicago,ZEN-301,10
2026-02-02,W02_Chicago,ZEN-301,16
2026-02-03,W02_Chicago,ZEN-301,10
2026-02-04,W02_Chicago,ZEN-301,11
2026-02-05,W02_Chicago,ZEN-301,12
2026-02-06,W02_Chicago,ZEN-301,12
2026-02-07,W02_Chicago,ZEN-301,11
2026-02-08,W02_Chicago,ZEN-301,7
2026-02-09,W02_Chicago,ZEN-301,4
2026-02-10,W02_Chicago,ZEN-301,7
2026-02-11,W02_Chicago,ZEN-301,8
2026-02-12,W02_Chicago,ZEN-301,5
2026-02-13,W02_Chicago,ZEN-301,13
2026-02-14,W02_Chicago,ZEN-301,15
2026-02-15,W02_Chicago,ZEN-301,10
2026-01-26,W02_Chicago,ZEN-401,10
2026-01-27,W02_Chicago,ZEN-401,16
2026-01-28,W02_Chicago,ZEN-401,11
2026-01-29,W02_Chicago,ZEN-401,10
2026-01-30,W02_Chicago,ZEN-401,0
2026-01-31,W02_Chicago,ZEN-401,13
2026-02-01,W02_Chicago,ZEN-401,12
2026-02-02,W02_Chicago,ZEN-401,5
2026-02-03,W02_Chicago,ZEN-401,7
2026-02-04,W02_Chicago,ZEN-401,8
2026-02-05,W02_Chicago,ZEN-401,5
2026-02-06,W02_Chicago,ZEN-401,12
2026-02-07,W02_Chicago,ZEN-401,3
2026-02-08,W02_Chicago,ZEN-401,5
2026-02-09,W02_Chicago,ZEN-401,7
2026-02-10,W02_Chicago,ZEN-401,14
2026-02-11,W02_Chicago,ZEN-401,15
2026-02-12,W02_Chicago,ZEN-401,9
2026-02-13,W02_Chicago,ZEN-401,7
2026-02-14,W02_Chicago,ZEN-401,14
2026-02-15,W02_Chicago,ZEN-401,9
2026-01-26,W02_Chicago,ZEN-900,4
2026-01-27,W02_Chicago,ZEN-900,10
2026-01-28,W02_Chicago,ZEN-900,9
2026-01-29,W02_Chicago,ZEN-900,13
2026-01-30,W02_Chicago,ZEN-900,14
2026-01-31,W02_Chicago,ZEN-900,11
2026-02-01,W02_Chicago,ZEN-900,13
2026-02-02,W02_Chicago,ZEN-900,12
2026-02-03,W02_Chicago,ZEN-900,8
2026-02-04,W02_Chicago,ZEN-900,7
2026-02-05,W02_Chicago,ZEN-900,11
2026-02-06,W02_Chicago,ZEN-900,9
2026-02-07,W02_Chicago,ZEN-900,8
2026-02-08,W02_Chicago,ZEN-900,3
2026-02-09,W02_Chicago,ZEN-900,5
2026-02-10,W02_Chicago,ZEN-900,12
2026-02-11,W02_Chicago,ZEN-900,7
2026-02-12,W02_Chicago,ZEN-900,11
2026-02-13,W02_Chicago,ZEN-900,9
2026-02-14,W02_Chicago,ZEN-900,9
2026-02-15,W02_Chicago,ZEN-900,9
2026-01-26,W02_Chicago,ZEN-901,17
2026-01-27,W02_Chicago,ZEN-901,7
2026-01-28,W02_Chicago,ZEN-901,6
2026-01-29,W02_Chicago,ZEN-901,3
2026-01-30,W02_Chicago,ZEN-901,6
2026-01-31,W02_Chicago,ZEN-901,11
2026-02-01,W02_Chicago,ZEN-901,13
2026-02-02,W02_Chicago,ZEN-901,13
2026-02-03,W02_Chicago,ZEN-901,7
2026-02-04,W02_Chicago,ZEN-901,9
2026-02-05,W02_Chicago,ZEN-901,13
2026-02-06,W02_Chicago,ZEN-901,11
2026-02-07,W02_Chicago,ZEN-901,6
2026-02-08,W02_Chicago,ZEN-901,8
2026-02-09,W02_Chicago,ZEN-901,10
2026-02-10,W02_Chicago,ZEN-901,12
2026-02-11,W02_Chicago,ZEN-901,15
2026-02-12,W02_Chicago,ZEN-901,8
2026-02-13,W02_Chicago,ZEN-901,11
2026-02-14,W02_Chicago,ZEN-901,7
2026-02-15,W02_Chicago,ZEN-901,14
2026-01-26,W02_Chicago,ZEN-902,12
2026-01-27,W02_Chicago,ZEN-902,9
2026-01-28,W02_Chicago,ZEN-902,9
2026-01-29,W02_Chicago,ZEN-902,14
2026-01-30,W02_Chicago,ZEN-902,11
2026-01-31,W02_Chicago,ZEN-902,13
2026-02-01,W02_Chicago,ZEN-902,10
2026-02-02,W02_Chicago,ZEN-902,13
2026-02-03,W02_Chicago,ZEN-902,8
2026-02-04,W02_Chicago,ZEN-902,8
2026-02-05,W02_Chicago,ZEN-902,16
2026-02-06,W02_Chicago,ZEN-902,8
2026-02-07,W02_Chicago,ZEN-902,11
2026-02-08,W02_Chicago,ZEN-902,9
2026-02-09,W02_Chicago,ZEN-902,6
2026-02-10,W02_Chicago,ZEN-902,12
2026-02-11,W02_Chicago,ZEN-902,7
2026-02-12,W02_Chicago,ZEN-902,8
2026-02-13,W02_Chicago,ZEN-902,0
2026-02-14,W02_Chicago,ZEN-902,12
2026-02-15,W02_Chicago,ZEN-902,15
2026-01-26,W02_Chicago,ZEN-903,6
2026-01-27,W02_Chicago,ZEN-903,10
2026-01-28,W02_Chicago,ZEN-903,14
2026-01-29,W02_Chicago,ZEN-903,8
2026-01-30,W02_Chicago,ZEN-903,8
2026-01-31,W02_Chicago,ZEN-903,9
2026-02-01,W02_Chicago,ZEN-903,10
2026-02-02,W02_Chicago,ZEN-903,7
2026-02-03,W02_Chicago,ZEN-903,10
2026-02-04,W02_Chicago,ZEN-903,5
2026-02-05,W02_Chicago,ZEN-903,9
2026-02-06,W02_Chicago,ZEN-903,9
2026-02-07,W02_Chicago,ZEN-903,14
2026-02-08,W02_Chicago,ZEN-903,12
2026-02-09,W02_Chicago,ZEN-903,8
2026-02-10,W02_Chicago,ZEN-903,10
2026-02-11,W02_Chicago,ZEN-903,10
2026-02-12,W02_Chicago,ZEN-903,9
2026-02-13,W02_Chicago,ZEN-903,13
2026-02-14,W02_Chicago,ZEN-903,11
2026-02-15,W02_Chicago,ZEN-903,13
2026-01-26,W02_Chicago,ZEN-904,10
2026-01-27,W02_Chicago,ZEN-904,10
2026-01-28,W02_Chicago,ZEN-904,13
2026-01-29,W02_Chicago,ZEN-904,11
2026-01-30,W02_Chicago,ZEN-904,13
2026-01-31,W02_Chicago,ZEN-904,8
2026-02-01,W02_Chicago,ZEN-904,3
2026-02-02,W02_Chicago,ZEN-904,12
2026-02-03,W02_Chicago,ZEN-904,5
2026-02-04,W02_Chicago,ZEN-904,8
2026-02-05,W02_Chicago,ZEN-904,6
2026-02-06,W02_Chicago,ZEN-904,14
2026-02-07,W02_Chicago,ZEN-904,13
2026-02-08,W02_Chicago,ZEN-904,9
2026-02-09,W02_Chicago,ZEN-904,11
2026-02-10,W02_Chicago,ZEN-904,14
2026-02-11,W02_Chicago,ZEN-904,13
2026-02-12,W02_Chicago,ZEN-904,6
2026-02-13,W02_Chicago,ZEN-904,12
2026-02-14,W02_Chicago,ZEN-904,10
2026-02-15,W02_Chicago,ZEN-904,6
2026-01-26,W03_Atlanta,ZEN-101,8
2026-01-27,W03_Atlanta,ZEN-101,9
2026-01-28,W03_Atlanta,ZEN-101,7
2026-01-29,W03_Atlanta,ZEN-101,9
2026-01-30,W03_Atlanta,ZEN-101,10
2026-01-31,W03_Atlanta,ZEN-101,6
2026-02-01,W03_Atlanta,ZEN-101,10
2026-02-02,W03_Atlanta,ZEN-101,14
2026-02-03,W03_Atlanta,ZEN-101,7
2026-02-04,W03_Atlanta,ZEN-101,14
2026-02-05,W03_Atlanta,ZEN-101,9
2026-02-06,W03_Atlanta,ZEN-101,9
2026-02-07,W03_Atlanta,ZEN-101,4
2026-02-08,W03_Atlanta,ZEN-101,12
2026-02-09,W03_Atlanta,ZEN-101,9
2026-02-10,W03_Atlanta,ZEN-101,13
2026-02-11,W03_Atlanta,ZEN-101,9
2026-02-12,W03_Atlanta,ZEN-101,7
2026-02-13,W03_Atlanta,ZEN-101,7
2026-02-14,W03_Atlanta,ZEN-101,8
2026-02-15,W03_Atlanta,ZEN-101,15
2026-01-26,W03_Atlanta,ZEN-201,8
2026-01-27,W03_Atlanta,ZEN-201,14
2026-01-28,W03_Atlanta,ZEN-201,10
2026-01-29,W03_Atlanta,ZEN-201,12
2026-01-30,W03_Atlanta,ZEN-201,9
2026-01-31,W03_Atlanta,ZEN-201,4
2026-02-01,W03_Atlanta,ZEN-201,10
2026-02-02,W03_Atlanta,ZEN-201,8
2026-02-03,W03_Atlanta,ZEN-201,6
2026-02-04,W03_Atlanta,ZEN-201,10
2026-02-05,W03_Atlanta,ZEN-201,11
2026-02-06,W03_Atlanta,ZEN-201,9
2026-02-07,W03_Atlanta,ZEN-201,9
2026-02-08,W03_Atlanta,ZEN-201,15
2026-02-09,W03_Atlanta,ZEN-201,7
2026-02-10,W03_Atlanta,ZEN-201,13
2026-02-11,W03_Atlanta,ZEN-201,5
2026-02-12,W03_Atlanta,ZEN-201,11
2026-02-13,W03_Atlanta,ZEN-201,10
2026-02-14,W03_Atlanta,ZEN-201,9
2026-02-15,W03_Atlanta,ZEN-201,4
2026-01-26,W03_Atlanta,ZEN-102,10
2026-01-27,W03_Atlanta,ZEN-102,14
2026-01-28,W03_Atlanta,ZEN-102,7
2026-01-29,W03_Atlanta,ZEN-102,7
2026-01-30,W03_Atlanta,ZEN-102,10
2026-01-31,W03_Atlanta,ZEN-102,11
2026-02-01,W03_Atlanta,ZEN-102,8
2026-02-02,W03_Atlanta,ZEN-102,6
2026-02-03,W03_Atlanta,ZEN-102,8
2026-02-04,W03_Atlanta,ZEN-102,4
2026-02-05,W03_Atlanta,ZEN-102,11
2026-02-06,W03_Atlanta,ZEN-102,8
2026-02-07,W03_Atlanta,ZEN-102,7
2026-02-08,W03_Atlanta,ZEN-102,11
2026-02-09,W03_Atlanta,ZEN-102,12
2026-02-10,W03_Atlanta,ZEN-102,4
2026-02-11,W03_Atlanta,ZEN-102,15
2026-02-12,W03_Atlanta,ZEN-102,4
2026-02-13,W03_Atlanta,ZEN-102,10
2026-02-14,W03_Atlanta,ZEN-102,7
2026-02-15,W03_Atlanta,ZEN-102,7
2026-01-26,W03_Atlanta,ZEN-301,7
2026-01-27,W03_Atlanta,ZEN-301,3
2026-01-28,W03_Atlanta,ZEN-301,12
2026-01-29,W03_Atlanta,ZEN-301,10
2026-01-30,W03_Atlanta,ZEN-301,15
2026-01-31,W03_Atlanta,ZEN-301,9
2026-02-01,W03_Atlanta,ZEN-301,11
2026-02-02,W03_Atlanta,ZEN-301,10
2026-02-03,W03_Atlanta,ZEN-301,9
2026-02-04,W03_Atlanta,ZEN-301,14
2026-02-05,W03_Atlanta,ZEN-301,8
2026-02-06,W03_Atlanta,ZEN-301,14
2026-02-07,W03_Atlanta,ZEN-301,11
2026-02-08,W03_Atlanta,ZEN-301,12
2026-02-09,W03_Atlanta,ZEN-301,6
2026-02-10,W03_Atlanta,ZEN-301,10
2026-02-11,W03_Atlanta,ZEN-301,13
2026-02-12,W03_Atlanta,ZEN-301,5
2026-02-13,W03_Atlanta,ZEN-301,9
2026-02-14,W03_Atlanta,ZEN-301,8
2026-02-15,W03_Atlanta,ZEN-301,9
2026-01-26,W03_Atlanta,ZEN-401,8
2026-01-27,W03_Atlanta,ZEN-401,9
2026-01-28,W03_Atlanta,ZEN-401,13
2026-01-29,W03_Atlanta,ZEN-401,12
2026-01-30,W03_Atlanta,ZEN-401,11
2026-01-31,W03_Atlanta,ZEN-401,11
2026-02-01,W03_Atlanta,ZEN-401,13
2026-02-02,W03_Atlanta,ZEN-401,11
2026-02-03,W03_Atlanta,ZEN-401,13
2026-02-04,W03_Atlanta,ZEN-401,13
2026-02-05,W03_Atlanta,ZEN-401,6
2026-02-06,W03_Atlanta,ZEN-401,8
2026-02-07,W03_Atlanta,ZEN-401,7
2026-02-08,W03_Atlanta,ZEN-401,10
2026-02-09,W03_Atlanta,ZEN-401,10
2026-02-10,W03_Atlanta,ZEN-401,10
2026-02-11,W03_Atlanta,ZEN-401,3
2026-02-12,W03_Atlanta,ZEN-401,12
2026-02-13,W03_Atlanta,ZEN-401,9
2026-02-14,W03_Atlanta,ZEN-401,12
2026-02-15,W03_Atlanta,ZEN-401,9
2026-01-26,W03_Atlanta,ZEN-900,8
2026-01-27,W03_Atlanta,ZEN-900,11
2026-01-28,W03_Atlanta,ZEN-900,16
2026-01-29,W03_Atlanta,ZEN-900,11
2026-01-30,W03_Atlanta,ZEN-900,10
2026-01-31,W03_Atlanta,ZEN-900,3
2026-02-01,W03_Atlanta,ZEN-900,9
2026-02-02,W03_Atlanta,ZEN-900,7
2026-02-03,W03_Atlanta,ZEN-900,9
2026-02-04,W03_Atlanta,ZEN-900,10
2026-02-05,W03_Atlanta,ZEN-900,9
2026-02-06,W03_Atlanta,ZEN-900,10
2026-02-07,W03_Atlanta,ZEN-900,12
2026-02-08,W03_Atlanta,ZEN-900,10
2026-02-09,W03_Atlanta,ZEN-900,7
2026-02-10,W03_Atlanta,ZEN-900,13
2026-02-11,W03_Atlanta,ZEN-900,5
2026-02-12,W03_Atlanta,ZEN-900,14
2026-02-13,W03_Atlanta,ZEN-900,10
2026-02-14,W03_Atlanta,ZEN-900,9
2026-02-15,W03_Atlanta,ZEN-900,8
2026-01-26,W03_Atlanta,ZEN-901,7
2026-01-27,W03_Atlanta,ZEN-901,12
2026-01-28,W03_Atlanta,ZEN-901,9
2026-01-29,W03_Atlanta,ZEN-901,8
2026-01-30,W03_Atlanta,ZEN-901,5
2026-01-31,W03_Atlanta,ZEN-901,10
2026-02-01,W03_Atlanta,ZEN-901,13
2026-02-02,W03_Atlanta,ZEN-901,4
2026-02-03,W03_Atlanta,ZEN-901,5
2026-02-04,W03_Atlanta,ZEN-901,12
2026-02-05,W03_Atlanta,ZEN-901,9
2026-02-06,W03_Atlanta,ZEN-901,10
2026-02-07,W03_Atlanta,ZEN-901,8
2026-02-08,W03_Atlanta,ZEN-901,11
2026-02-09,W03_Atlanta,ZEN-901,11
2026-02-10,W03_Atlanta,ZEN-901,10
2026-02-11,W03_Atlanta,ZEN-901,13
2026-02-12,W03_Atlanta,ZEN-901,6
2026-02-13,W03_Atlanta,ZEN-901,11
2026-02-14,W03_Atlanta,ZEN-901,9
2026-02-15,W03_Atlanta,ZEN-901,13
2026-01-26,W03_Atlanta,ZEN-902,8
2026-01-27,W03_Atlanta,ZEN-902,6
2026-01-28,W03_Atlanta,ZEN-902,9
2026-01-29,W03_Atlanta,ZEN-902,7
2026-01-30,W03_Atlanta,ZEN-902,9
2026-01-31,W03_Atlanta,ZEN-902,8
2026-02-01,W03_Atlanta,ZEN-902,10
2026-02-02,W03_Atlanta,ZEN-902,10
2026-02-03,W03_Atlanta,ZEN-902,6
2026-02-04,W03_Atlanta,ZEN-902,13
2026-02-05,W03_Atlanta,ZEN-902,5
2026-02-06,W03_Atlanta,ZEN-902,8
2026-02-07,W03_Atlanta,ZEN-902,16
2026-02-08,W03_Atlanta,ZEN-902,10
2026-02-09,W03_Atlanta,ZEN-902,8
2026-02-10,W03_Atlanta,ZEN-902,11
2026-02-11,W03_Atlanta,ZEN-902,10
2026-02-12,W03_Atlanta,ZEN-902,9
2026-02-13,W03_Atlanta,ZEN-902,13
2026-02-14,W03_Atlanta,ZEN-902,12
2026-02-15,W03_Atlanta,ZEN-902,18
2026-01-26,W03_Atlanta,ZEN-903,9
2026-01-27,W03_Atlanta,ZEN-903,10
2026-01-28,W03_Atlanta,ZEN-903,14
2026-01-29,W03_Atlanta,ZEN-903,11
2026-01-30,W03_Atlanta,ZEN-903,15
2026-01-31,W03_Atlanta,ZEN-903,0
2026-02-01,W03_Atlanta,ZEN-903,8
2026-02-02,W03_Atlanta,ZEN-903,8
2026-02-03,W03_Atlanta,ZEN-903,10
2026-02-04,W03_Atlanta,ZEN-903,12
2026-02-05,W03_Atlanta,ZEN-903,10
2026-02-06,W03_Atlanta,ZEN-903,11
2026-02-07,W03_Atlanta,ZEN-903,9
2026-02-08,W03_Atlanta,ZEN-903,15
2026-02-09,W03_Atlanta,ZEN-903,9
2026-02-10,W03_Atlanta,ZEN-903,5
2026-02-11,W03_Atlanta,ZEN-903,9
2026-02-12,W03_Atlanta,ZEN-903,14
2026-02-13,W03_Atlanta,ZEN-903,13
2026-02-14,W03_Atlanta,ZEN-903,7
2026-02-15,W03_Atlanta,ZEN-903,5
2026-01-26,W03_Atlanta,ZEN-904,13
2026-01-27,W03_Atlanta,ZEN-904,9
2026-01-28,W03_Atlanta,ZEN-904,5
2026-01-29,W03_Atlanta,ZEN-904,10
2026-01-30,W03_Atlanta,ZEN-904,13
2026-01-31,W03_Atlanta,ZEN-904,11
2026-02-01,W03_Atlanta,ZEN-904,4
2026-02-02,W03_Atlanta,ZEN-904,11
2026-02-03,W03_Atlanta,ZEN-904,10
2026-02-04,W03_Atlanta,ZEN-904,10
2026-02-05,W03_Atlanta,ZEN-904,14
2026-02-06,W03_Atlanta,ZEN-904,9
2026-02-07,W03_Atlanta,ZEN-904,10
2026-02-08,W03_Atlanta,ZEN-904,13
2026-02-09,W03_Atlanta,ZEN-904,12
2026-02-10,W03_Atlanta,ZEN-904,7
2026-02-11,W03_Atlanta,ZEN-904,11
2026-02-12,W03_Atlanta,ZEN-904,12
2026-02-13,W03_Atlanta,ZEN-904,5
2026-02-14,W03_Atlanta,ZEN-904,6
2026-02-15,W03_Atlanta,ZEN-904,14
2026-01-26,W04_Dallas,ZEN-101,5
2026-01-27,W04_Dallas,ZEN-101,11
2026-01-28,W04_Dallas,ZEN-101,10
2026-01-29,W04_Dallas,ZEN-101,10
2026-01-30,W04_Dallas,ZEN-101,9
2026-01-31,W04_Dallas,ZEN-101,5
2026-02-01,W04_Dallas,ZEN-101,10
2026-02-02,W04_Dallas,ZEN-101,8
2026-02-03,W04_Dallas,ZEN-101,12
2026-02-04,W04_Dallas,ZEN-101,7
2026-02-05,W04_Dallas,ZEN-101,1
2026-02-06,W04_Dallas,ZEN-101,13
2026-02-07,W04_Dallas,ZEN-101,9
2026-02-08,W04_Dallas,ZEN-101,11
2026-02-09,W04_Dallas,ZEN-101,9
2026-02-10,W04_Dallas,ZEN-101,8
2026-02-11,W04_Dallas,ZEN-101,8
2026-02-12,W04_Dallas,ZEN-101,4
2026-02-13,W04_Dallas,ZEN-101,12
2026-02-14,W04_Dallas,ZEN-101,8
2026-02-15,W04_Dallas,ZEN-101,13
2026-01-26,W04_Dallas,ZEN-201,44
2026-01-27,W04_Dallas,ZEN-201,39
2026-01-28,W04_Dallas,ZEN-201,60
2026-01-29,W04_Dallas,ZEN-201,57
2026-01-30,W04_Dallas,ZEN-201,50
2026-01-31,W04_Dallas,ZEN-201,51
2026-02-01,W04_Dallas,ZEN-201,48
2026-02-02,W04_Dallas,ZEN-201,58
2026-02-03,W04_Dallas,ZEN-201,42
2026-02-04,W04_Dallas,ZEN-201,74
2026-02-05,W04_Dallas,ZEN-201,45
2026-02-06,W04_Dallas,ZEN-201,68
2026-02-07,W04_Dallas,ZEN-201,45
2026-02-08,W04_Dallas,ZEN-201,67
2026-02-09,W04_Dallas,ZEN-201,41
2026-02-10,W04_Dallas,ZEN-201,87
2026-02-11,W04_Dallas,ZEN-201,76
2026-02-12,W04_Dallas,ZEN-201,59
2026-02-13,W04_Dallas,ZEN-201,35
2026-02-14,W04_Dallas,ZEN-201,50
2026-02-15,W04_Dallas,ZEN-201,28
2026-01-26,W04_Dallas,ZEN-102,10
2026-01-27,W04_Dallas,ZEN-102,5
2026-01-28,W04_Dallas,ZEN-102,14
2026-01-29,W04_Dallas,ZEN-102,11
2026-01-30,W04_Dallas,ZEN-102,12
2026-01-31,W04_Dallas,ZEN-102,8
2026-02-01,W04_Dallas,ZEN-102,12
2026-02-02,W04_Dallas,ZEN-102,12
2026-02-03,W04_Dallas,ZEN-102,12
2026-02-04,W04_Dallas,ZEN-102,8
2026-02-05,W04_Dallas,ZEN-102,11
2026-02-06,W04_Dallas,ZEN-102,10
2026-02-07,W04_Dallas,ZEN-102,6
2026-02-08,W04_Dallas,ZEN-102,8
2026-02-09,W04_Dallas,ZEN-102,12
2026-02-10,W04_Dallas,ZEN-102,10
2026-02-11,W04_Dallas,ZEN-102,9
2026-02-12,W04_Dallas,ZEN-102,7
2026-02-13,W04_Dallas,ZEN-102,11
2026-02-14,W04_Dallas,ZEN-102,11
2026-02-15,W04_Dallas,ZEN-102,15
2026-01-26,W04_Dallas,ZEN-301,13
2026-01-27,W04_Dallas,ZEN-301,10
2026-01-28,W04_Dallas,ZEN-301,8
2026-01-29,W04_Dallas,ZEN-301,9
2026-01-30,W04_Dallas,ZEN-301,12
2026-01-31,W04_Dallas,ZEN-301,11
2026-02-01,W04_Dallas,ZEN-301,9
2026-02-02,W04_Dallas,ZEN-301,10
2026-02-03,W04_Dallas,ZEN-301,15
2026-02-04,W04_Dallas,ZEN-301,12
2026-02-05,W04_Dallas,ZEN-301,12
2026-02-06,W04_Dallas,ZEN-301,8
2026-02-07,W04_Dallas,ZEN-301,8
2026-02-08,W04_Dallas,ZEN-301,14
2026-02-09,W04_Dallas,ZEN-301,9
2026-02-10,W04_Dallas,ZEN-301,11
2026-02-11,W04_Dallas,ZEN-301,4
2026-02-12,W04_Dallas,ZEN-301,3
2026-02-13,W04_Dallas,ZEN-301,11
2026-02-14,W04_Dallas,ZEN-301,11
2026-02-15,W04_Dallas,ZEN-301,18
2026-01-26,W04_Dallas,ZEN-401,5
2026-01-27,W04_Dallas,ZEN-401,11
2026-01-28,W04_Dallas,ZEN-401,4
2026-01-29,W04_Dallas,ZEN-401,6
2026-01-30,W04_Dallas,ZEN-401,11
2026-01-31,W04_Dallas,ZEN-401,11
2026-02-01,W04_Dallas,ZEN-401,7
2026-02-02,W04_Dallas,ZEN-401,13
2026-02-03,W04_Dallas,ZEN-401,12
2026-02-04,W04_Dallas,ZEN-401,10
2026-02-05,W04_Dallas,ZEN-401,6
2026-02-06,W04_Dallas,ZEN-401,11
2026-02-07,W04_Dallas,ZEN-401,11
2026-02-08,W04_Dallas,ZEN-401,9
2026-02-09,W04_Dallas,ZEN-401,14
2026-02-10,W04_Dallas,ZEN-401,5
2026-02-11,W04_Dallas,ZEN-401,11
2026-02-12,W04_Dallas,ZEN-401,10
2026-02-13,W04_Dallas,ZEN-401,9
2026-02-14,W04_Dallas,ZEN-401,10
2026-02-15,W04_Dallas,ZEN-401,9
2026-01-26,W04_Dallas,ZEN-900,6
2026-01-27,W04_Dallas,ZEN-900,6
2026-01-28,W04_Dallas,ZEN-900,11
2026-01-29,W04_Dallas,ZEN-900,12
2026-01-30,W04_Dallas,ZEN-900,10
2026-01-31,W04_Dallas,ZEN-900,12
2026-02-01,W04_Dallas,ZEN-900,10
2026-02-02,W04_Dallas,ZEN-900,15
2026-02-03,W04_Dallas,ZEN-900,8
2026-02-04,W04_Dallas,ZEN-900,12
2026-02-05,W04_Dallas,ZEN-900,13
2026-02-06,W04_Dallas,ZEN-900,8
2026-02-07,W04_Dallas,ZEN-900,5
2026-02-08,W04_Dallas,ZEN-900,10
2026-02-09,W04_Dallas,ZEN-900,8
2026-02-10,W04_Dallas,ZEN-900,8
2026-02-11,W04_Dallas,ZEN-900,9
2026-02-12,W04_Dallas,ZEN-900,11
2026-02-13,W04_Dallas,ZEN-900,10
2026-02-14,W04_Dallas,ZEN-900,6
2026-02-15,W04_Dallas,ZEN-900,7
2026-01-26,W04_Dallas,ZEN-901,10
2026-01-27,W04_Dallas,ZEN-901,11
2026-01-28,W04_Dallas,ZEN-901,5
2026-01-29,W04_Dallas,ZEN-901,9
2026-01-30,W04_Dallas,ZEN-901,11
2026-01-31,W04_Dallas,ZEN-901,8
2026-02-01,W04_Dallas,ZEN-901,11
2026-02-02,W04_Dallas,ZEN-901,9
2026-02-03,W04_Dallas,ZEN-901,8
2026-02-04,W04_Dallas,ZEN-901,9
2026-02-05,W04_Dallas,ZEN-901,6
2026-02-06,W04_Dallas,ZEN-901,10
2026-02-07,W04_Dallas,ZEN-901,8
2026-02-08,W04_Dallas,ZEN-901,12
2026-02-09,W04_Dallas,ZEN-901,11
2026-02-10,W04_Dallas,ZEN-901,14
2026-02-11,W04_Dallas,ZEN-901,9
2026-02-12,W04_Dallas,ZEN-901,17
2026-02-13,W04_Dallas,ZEN-901,8
2026-02-14,W04_Dallas,ZEN-901,15
2026-02-15,W04_Dallas,ZEN-901,7
2026-01-26,W04_Dallas,ZEN-902,5
2026-01-27,W04_Dallas,ZEN-902,7
2026-01-28,W04_Dallas,ZEN-902,12
2026-01-29,W04_Dallas,ZEN-902,8
2026-01-30,W04_Dallas,ZEN-902,14
2026-01-31,W04_Dallas,ZEN-902,6
2026-02-01,W04_Dallas,ZEN-902,9
2026-02-02,W04_Dallas,ZEN-902,7
2026-02-03,W04_Dallas,ZEN-902,7
2026-02-04,W04_Dallas,ZEN-902,10
2026-02-05,W04_Dallas,ZEN-902,6
2026-02-06,W04_Dallas,ZEN-902,11
2026-02-07,W04_Dallas,ZEN-902,10
2026-02-08,W04_Dallas,ZEN-902,10
2026-02-09,W04_Dallas,ZEN-902,8
2026-02-10,W04_Dallas,ZEN-902,12
2026-02-11,W04_Dallas,ZEN-902,9
2026-02-12,W04_Dallas,ZEN-902,12
2026-02-13,W04_Dallas,ZEN-902,11
2026-02-14,W04_Dallas,ZEN-902,8
2026-02-15,W04_Dallas,ZEN-902,12
2026-01-26,W04_Dallas,ZEN-903,9
2026-01-27,W04_Dallas,ZEN-903,9
2026-01-28,W04_Dallas,ZEN-903,3
2026-01-29,W04_Dallas,ZEN-903,5
2026-01-30,W04_Dallas,ZEN-903,10
2026-01-31,W04_Dallas,ZEN-903,12
2026-02-01,W04_Dallas,ZEN-903,13
2026-02-02,W04_Dallas,ZEN-903,11
2026-02-03,W04_Dallas,ZEN-903,11
2026-02-04,W04_Dallas,ZEN-903,16
2026-02-05,W04_Dallas,ZEN-903,9
2026-02-06,W04_Dallas,ZEN-903,8
2026-02-07,W04_Dallas,ZEN-903,12
2026-02-08,W04_Dallas,ZEN-903,9
2026-02-09,W04_Dallas,ZEN-903,7
2026-02-10,W04_Dallas,ZEN-903,13
2026-02-11,W04_Dallas,ZEN-903,9
2026-02-12,W04_Dallas,ZEN-903,12
2026-02-13,W04_Dallas,ZEN-903,13
2026-02-14,W04_Dallas,ZEN-903,5
2026-02-15,W04_Dallas,ZEN-903,15
2026-01-26,W04_Dallas,ZEN-904,12
2026-01-27,W04_Dallas,ZEN-904,9
2026-01-28,W04_Dallas,ZEN-904,9
2026-01-29,W04_Dallas,ZEN-904,14
2026-01-30,W04_Dallas,ZEN-904,11
2026-01-31,W04_Dallas,ZEN-904,6
2026-02-01,W04_Dallas,ZEN-904,8
2026-02-02,W04_Dallas,ZEN-904,9
2026-02-03,W04_Dallas,ZEN-904,6
2026-02-04,W04_Dallas,ZEN-904,10
2026-02-05,W04_Dallas,ZEN-904,12
2026-02-06,W04_Dallas,ZEN-904,8
2026-02-07,W04_Dallas,ZEN-904,11
2026-02-08,W04_Dallas,ZEN-904,9
2026-02-09,W04_Dallas,ZEN-904,19
2026-02-10,W04_Dallas,ZEN-904,13
2026-02-11,W04_Dallas,ZEN-904,13
2026-02-12,W04_Dallas,ZEN-904,10
2026-02-13,W04_Dallas,ZEN-904,6
2026-02-14,W04_Dallas,ZEN-904,11
2026-02-15,W04_Dallas,ZEN-904,5
2026-01-26,W05_Denver,ZEN-101,9
2026-01-27,W05_Denver,ZEN-101,15
2026-01-28,W05_Denver,ZEN-101,10
2026-01-29,W05_Denver,ZEN-101,8
2026-01-30,W05_Denver,ZEN-101,12
2026-01-31,W05_Denver,ZEN-101,9
2026-02-01,W05_Denver,ZEN-101,4
2026-02-02,W05_Denver,ZEN-101,8
2026-02-03,W05_Denver,ZEN-101,6
2026-02-04,W05_Denver,ZEN-101,5
2026-02-05,W05_Denver,ZEN-101,7
2026-02-06,W05_Denver,ZEN-101,10
2026-02-07,W05_Denver,ZEN-101,11
2026-02-08,W05_Denver,ZEN-101,6
2026-02-09,W05_Denver,ZEN-101,6
2026-02-10,W05_Denver,ZEN-101,8
2026-02-11,W05_Denver,ZEN-101,11
2026-02-12,W05_Denver,ZEN-101,7
2026-02-13,W05_Denver,ZEN-101,14
2026-02-14,W05_Denver,ZEN-101,12
2026-02-15,W05_Denver,ZEN-101,11
2026-01-26,W05_Denver,ZEN-201,11
2026-01-27,W05_Denver,ZEN-201,13
2026-01-28,W05_Denver,ZEN-201,8
2026-01-29,W05_Denver,ZEN-201,8
2026-01-30,W05_Denver,ZEN-201,11
2026-01-31,W05_Denver,ZEN-201,13
2026-02-01,W05_Denver,ZEN-201,14
2026-02-02,W05_Denver,ZEN-201,5
2026-02-03,W05_Denver,ZEN-201,8
2026-02-04,W05_Denver,ZEN-201,11
2026-02-05,W05_Denver,ZEN-201,8
2026-02-06,W05_Denver,ZEN-201,7
2026-02-07,W05_Denver,ZEN-201,12
2026-02-08,W05_Denver,ZEN-201,9
2026-02-09,W05_Denver,ZEN-201,9
2026-02-10,W05_Denver,ZEN-201,10
2026-02-11,W05_Denver,ZEN-201,10
2026-02-12,W05_Denver,ZEN-201,7
2026-02-13,W05_Denver,ZEN-201,5
2026-02-14,W05_Denver,ZEN-201,9
2026-02-15,W05_Denver,ZEN-201,5
2026-01-26,W05_Denver,ZEN-102,8
2026-01-27,W05_Denver,ZEN-102,10
2026-01-28,W05_Denver,ZEN-102,10
2026-01-29,W05_Denver,ZEN-102,17
2026-01-30,W05_Denver,ZEN-102,14
2026-01-31,W05_Denver,ZEN-102,11
2026-02-01,W05_Denver,ZEN-102,10
2026-02-02,W05_Denver,ZEN-102,10
2026-02-03,W05_Denver,ZEN-102,15
2026-02-04,W05_Denver,ZEN-102,12
2026-02-05,W05_Denver,ZEN-102,11
2026-02-06,W05_Denver,ZEN-102,9
2026-02-07,W05_Denver,ZEN-102,12
2026-02-08,W05_Denver,ZEN-102,13
2026-02-09,W05_Denver,ZEN-102,13
2026-02-10,W05_Denver,ZEN-102,8
2026-02-11,W05_Denver,ZEN-102,6
2026-02-12,W05_Denver,ZEN-102,14
2026-02-13,W05_Denver,ZEN-102,8
2026-02-14,W05_Denver,ZEN-102,9
2026-02-15,W05_Denver,ZEN-102,8
2026-01-26,W05_Denver,ZEN-301,9
2026-01-27,W05_Denver,ZEN-301,8
2026-01-28,W05_Denver,ZEN-301,9
2026-01-29,W05_Denver,ZEN-301,10
2026-01-30,W05_Denver,ZEN-301,18
2026-01-31,W05_Denver,ZEN-301,6
2026-02-01,W05_Denver,ZEN-301,9
2026-02-02,W05_Denver,ZEN-301,11
2026-02-03,W05_Denver,ZEN-301,10
2026-02-04,W05_Denver,ZEN-301,9
2026-02-05,W05_Denver,ZEN-301,11
2026-02-06,W05_Denver,ZEN-301,11
2026-02-07,W05_Denver,ZEN-301,12
2026-02-08,W05_Denver,ZEN-301,13
2026-02-09,W05_Denver,ZEN-301,8
2026-02-10,W05_Denver,ZEN-301,8
2026-02-11,W05_Denver,ZEN-301,8
2026-02-12,W05_Denver,ZEN-301,8
2026-02-13,W05_Denver,ZEN-301,9
2026-02-14,W05_Denver,ZEN-301,5
2026-02-15,W05_Denver,ZEN-301,13
2026-01-26,W05_Denver,ZEN-401,15
2026-01-27,W05_Denver,ZEN-401,13
2026-01-28,W05_Denver,ZEN-401,9
2026-01-29,W05_Denver,ZEN-401,12
2026-01-30,W05_Denver,ZEN-401,10
2026-01-31,W05_Denver,ZEN-401,12
2026-02-01,W05_Denver,ZEN-401,6
2026-02-02,W05_Denver,ZEN-401,8
2026-02-03,W05_Denver,ZEN-401,4
2026-02-04,W05_Denver,ZEN-401,4
2026-02-05,W05_Denver,ZEN-401,5
2026-02-06,W05_Denver,ZEN-401,11
2026-02-07,W05_Denver,ZEN-401,14
2026-02-08,W05_Denver,ZEN-401,8
2026-02-09,W05_Denver,ZEN-401,6
2026-02-10,W05_Denver,ZEN-401,9
2026-02-11,W05_Denver,ZEN-401,12
2026-02-12,W05_Denver,ZEN-401,10
2026-02-13,W05_Denver,ZEN-401,10
2026-02-14,W05_Denver,ZEN-401,6
2026-02-15,W05_Denver,ZEN-401,9
2026-01-26,W05_Denver,ZEN-900,9
2026-01-27,W05_Denver,ZEN-900,12
2026-01-28,W05_Denver,ZEN-900,9
2026-01-29,W05_Denver,ZEN-900,5
2026-01-30,W05_Denver,ZEN-900,10
2026-01-31,W05_Denver,ZEN-900,5
2026-02-01,W05_Denver,ZEN-900,10
2026-02-02,W05_Denver,ZEN-900,12
2026-02-03,W05_Denver,ZEN-900,13
2026-02-04,W05_Denver,ZEN-900,10
2026-02-05,W05_Denver,ZEN-900,5
2026-02-06,W05_Denver,ZEN-900,11
2026-02-07,W05_Denver,ZEN-900,8
2026-02-08,W05_Denver,ZEN-900,6
2026-02-09,W05_Denver,ZEN-900,15
2026-02-10,W05_Denver,ZEN-900,7
2026-02-11,W05_Denver,ZEN-900,11
2026-02-12,W05_Denver,ZEN-900,10
2026-02-13,W05_Denver,ZEN-900,8
2026-02-14,W05_Denver,ZEN-900,5
2026-02-15,W05_Denver,ZEN-900,11
2026-01-26,W05_Denver,ZEN-901,11
2026-01-27,W05_Denver,ZEN-901,7
2026-01-28,W05_Denver,ZEN-901,8
2026-01-29,W05_Denver,ZEN-901,9
2026-01-30,W05_Denver,ZEN-901,15
2026-01-31,W05_Denver,ZEN-901,7
2026-02-01,W05_Denver,ZEN-901,10
2026-02-02,W05_Denver,ZEN-901,8
2026-02-03,W05_Denver,ZEN-901,12
2026-02-04,W05_Denver,ZEN-901,10
2026-02-05,W05_Denver,ZEN-901,9
2026-02-06,W05_Denver,ZEN-901,8
2026-02-07,W05_Denver,ZEN-901,13
2026-02-08,W05_Denver,ZEN-901,5
2026-02-09,W05_Denver,ZEN-901,12
2026-02-10,W05_Denver,ZEN-901,11
2026-02-11,W05_Denver,ZEN-901,11
2026-02-12,W05_Denver,ZEN-901,13
2026-02-13,W05_Denver,ZEN-901,13
2026-02-14,W05_Denver,ZEN-901,11
2026-02-15,W05_Denver,ZEN-901,10
2026-01-26,W05_Denver,ZEN-902,5
2026-01-27,W05_Denver,ZEN-902,12
2026-01-28,W05_Denver,ZEN-902,8
2026-01-29,W05_Denver,ZEN-902,10
2026-01-30,W05_Denver,ZEN-902,13
2026-01-31,W05_Denver,ZEN-902,10
2026-02-01,W05_Denver,ZEN-902,13
2026-02-02,W05_Denver,ZEN-902,8
2026-02-03,W05_Denver,ZEN-902,7
2026-02-04,W05_Denver,ZEN-902,12
2026-02-05,W05_Denver,ZEN-902,9
2026-02-06,W05_Denver,ZEN-902,12
2026-02-07,W05_Denver,ZEN-902,10
2026-02-08,W05_Denver,ZEN-902,10
2026-02-09,W05_Denver,ZEN-902,9
2026-02-10,W05_Denver,ZEN-902,8
2026-02-11,W05_Denver,ZEN-902,10
2026-02-12,W05_Denver,ZEN-902,10
2026-02-13,W05_Denver,ZEN-902,5
2026-02-14,W05_Denver,ZEN-902,7
2026-02-15,W05_Denver,ZEN-902,12
2026-01-26,W05_Denver,ZEN-903,11
2026-01-27,W05_Denver,ZEN-903,13
2026-01-28,W05_Denver,ZEN-903,10
2026-01-29,W05_Denver,ZEN-903,9
2026-01-30,W05_Denver,ZEN-903,11
2026-01-31,W05_Denver,ZEN-903,11
2026-02-01,W05_Denver,ZEN-903,7
2026-02-02,W05_Denver,ZEN-903,11
2026-02-03,W05_Denver,ZEN-903,14
2026-02-04,W05_Denver,ZEN-903,9
2026-02-05,W05_Denver,ZEN-903,5
2026-02-06,W05_Denver,ZEN-903,6
2026-02-07,W05_Denver,ZEN-903,12
2026-02-08,W05_Denver,ZEN-903,8
2026-02-09,W05_Denver,ZEN-903,11
2026-02-10,W05_Denver,ZEN-903,11
2026-02-11,W05_Denver,ZEN-903,14
2026-02-12,W05_Denver,ZEN-903,2
2026-02-13,W05_Denver,ZEN-903,10
2026-02-14,W05_Denver,ZEN-903,8
2026-02-15,W05_Denver,ZEN-903,11
2026-01-26,W05_Denver,ZEN-904,7
2026-01-27,W05_Denver,ZEN-904,8
2026-01-28,W05_Denver,ZEN-904,6
2026-01-29,W05_Denver,ZEN-904,11
2026-01-30,W05_Denver,ZEN-904,7
2026-01-31,W05_Denver,ZEN-904,13
2026-02-01,W05_Denver,ZEN-904,7
2026-02-02,W05_Denver,ZEN-904,9
2026-02-03,W05_Denver,ZEN-904,14
2026-02-04,W05_Denver,ZEN-904,10
2026-02-05,W05_Denver,ZEN-904,13
2026-02-06,W05_Denver,ZEN-904,10
2026-02-07,W05_Denver,ZEN-904,10
2026-02-08,W05_Denver,ZEN-904,12
2026-02-09,W05_Denver,ZEN-904,12
2026-02-10,W05_Denver,ZEN-904,9
2026-02-11,W05_Denver,ZEN-904,3
2026-02-12,W05_Denver,ZEN-904,9
2026-02-13,W05_Denver,ZEN-904,8
2026-02-14,W05_Denver,ZEN-904,10
2026-02-15,W05_Denver,ZEN-904,9
2026-01-26,W06_Los_Angeles,ZEN-101,9
2026-01-27,W06_Los_Angeles,ZEN-101,9
2026-01-28,W06_Los_Angeles,ZEN-101,11
2026-01-29,W06_Los_Angeles,ZEN-101,11
2026-01-30,W06_Los_Angeles,ZEN-101,6
2026-01-31,W06_Los_Angeles,ZEN-101,15
2026-02-01,W06_Los_Angeles,ZEN-101,8
2026-02-02,W06_Los_Angeles,ZEN-101,14
2026-02-03,W06_Los_Angeles,ZEN-101,10
2026-02-04,W06_Los_Angeles,ZEN-101,9
2026-02-05,W06_Los_Angeles,ZEN-101,10
2026-02-06,W06_Los_Angeles,ZEN-101,8
2026-02-07,W06_Los_Angeles,ZEN-101,8
2026-02-08,W06_Los_Angeles,ZEN-101,11
2026-02-09,W06_Los_Angeles,ZEN-101,8
2026-02-10,W06_Los_Angeles,ZEN-101,5
2026-02-11,W06_Los_Angeles,ZEN-101,10
2026-02-12,W06_Los_Angeles,ZEN-101,7
2026-02-13,W06_Los_Angeles,ZEN-101,8
2026-02-14,W06_Los_Angeles,ZEN-101,11
2026-02-15,W06_Los_Angeles,ZEN-101,10
2026-01-26,W06_Los_Angeles,ZEN-201,11
2026-01-27,W06_Los_Angeles,ZEN-201,15
2026-01-28,W06_Los_Angeles,ZEN-201,11
2026-01-29,W06_Los_Angeles,ZEN-201,10
2026-01-30,W06_Los_Angeles,ZEN-201,7
2026-01-31,W06_Los_Angeles,ZEN-201,12
2026-02-01,W06_Los_Angeles,ZEN-201,9
2026-02-02,W06_Los_Angeles,ZEN-201,18
2026-02-03,W06_Los_Angeles,ZEN-201,11
2026-02-04,W06_Los_Angeles,ZEN-201,10
2026-02-05,W06_Los_Angeles,ZEN-201,12
2026-02-06,W06_Los_Angeles,ZEN-201,12
2026-02-07,W06_Los_Angeles,ZEN-201,9
2026-02-08,W06_Los_Angeles,ZEN-201,8
2026-02-09,W06_Los_Angeles,ZEN-201,13
2026-02-10,W06_Los_Angeles,ZEN-201,9
2026-02-11,W06_Los_Angeles,ZEN-201,10
2026-02-12,W06_Los_Angeles,ZEN-201,8
2026-02-13,W06_Los_Angeles,ZEN-201,11
2026-02-14,W06_Los_Angeles,ZEN-201,8
2026-02-15,W06_Los_Angeles,ZEN-201,11
2026-01-26,W06_Los_Angeles,ZEN-102,7
2026-01-27,W06_Los_Angeles,ZEN-102,10
2026-01-28,W06_Los_Angeles,ZEN-102,8
2026-01-29,W06_Los_Angeles,ZEN-102,11
2026-01-30,W06_Los_Angeles,ZEN-102,13
2026-01-31,W06_Los_Angeles,ZEN-102,8
2026-02-01,W06_Los_Angeles,ZEN-102,9
2026-02-02,W06_Los_Angeles,ZEN-102,8
2026-02-03,W06_Los_Angeles,ZEN-102,11
2026-02-04,W06_Los_Angeles,ZEN-102,9
2026-02-05,W06_Los_Angeles,ZEN-102,12
2026-02-06,W06_Los_Angeles,ZEN-102,8
2026-02-07,W06_Los_Angeles,ZEN-102,10
2026-02-08,W06_Los_Angeles,ZEN-102,9
2026-02-09,W06_Los_Angeles,ZEN-102,8
2026-02-10,W06_Los_Angeles,ZEN-102,12
2026-02-11,W06_Los_Angeles,ZEN-102,10
2026-02-12,W06_Los_Angeles,ZEN-102,8
2026-02-13,W06_Los_Angeles,ZEN-102,11
2026-02-14,W06_Los_Angeles,ZEN-102,10
2026-02-15,W06_Los_Angeles,ZEN-102,8
2026-01-26,W06_Los_Angeles,ZEN-301,12
2026-01-27,W06_Los_Angeles,ZEN-301,9
2026-01-28,W06_Los_Angeles,ZEN-301,12
2026-01-29,W06_Los_Angeles,ZEN-301,7
2026-01-30,W06_Los_Angeles,ZEN-301,7
2026-01-31,W06_Los_Angeles,ZEN-301,5
2026-02-01,W06_Los_Angeles,ZEN-301,10
2026-02-02,W06_Los_Angeles,ZEN-301,8
2026-02-03,W06_Los_Angeles,ZEN-301,11
2026-02-04,W06_Los_Angeles,ZEN-301,11
2026-02-05,W06_Los_Angeles,ZEN-301,15
2026-02-06,W06_Los_Angeles,ZEN-301,9
2026-02-07,W06_Los_Angeles,ZEN-301,9
2026-02-08,W06_Los_Angeles,ZEN-301,11
2026-02-09,W06_Los_Angeles,ZEN-301,5
2026-02-10,W06_Los_Angeles,ZEN-301,9
2026-02-11,W06_Los_Angeles,ZEN-301,9
2026-02-12,W06_Los_Angeles,ZEN-301,3
2026-02-13,W06_Los_Angeles,ZEN-301,10
2026-02-14,W06_Los_Angeles,ZEN-301,11
2026-02-15,W06_Los_Angeles,ZEN-301,12
2026-01-26,W06_Los_Angeles,ZEN-401,4
2026-01-27,W06_Los_Angeles,ZEN-401,9
2026-01-28,W06_Los_Angeles,ZEN-401,10
2026-01-29,W06_Los_Angeles,ZEN-401,5
2026-01-30,W06_Los_Angeles,ZEN-401,4
2026-01-31,W06_Los_Angeles,ZEN-401,6
2026-02-01,W06_Los_Angeles,ZEN-401,9
2026-02-02,W06_Los_Angeles,ZEN-401,14
2026-02-03,W06_Los_Angeles,ZEN-401,9
2026-02-04,W06_Los_Angeles,ZEN-401,7
2026-02-05,W06_Los_Angeles,ZEN-401,14
2026-02-06,W06_Los_Angeles,ZEN-401,3
2026-02-07,W06_Los_Angeles,ZEN-401,8
2026-02-08,W06_Los_Angeles,ZEN-401,5
2026-02-09,W06_Los_Angeles,ZEN-401,12
2026-02-10,W06_Los_Angeles,ZEN-401,9
2026-02-11,W06_Los_Angeles,ZEN-401,8
2026-02-12,W06_Los_Angeles,ZEN-401,15
2026-02-13,W06_Los_Angeles,ZEN-401,8
2026-02-14,W06_Los_Angeles,ZEN-401,13
2026-02-15,W06_Los_Angeles,ZEN-401,11
2026-01-26,W06_Los_Angeles,ZEN-900,14
2026-01-27,W06_Los_Angeles,ZEN-900,12
2026-01-28,W06_Los_Angeles,ZEN-900,5
2026-01-29,W06_Los_Angeles,ZEN-900,11
2026-01-30,W06_Los_Angeles,ZEN-900,10
2026-01-31,W06_Los_Angeles,ZEN-900,9
2026-02-01,W06_Los_Angeles,ZEN-900,11
2026-02-02,W06_Los_Angeles,ZEN-900,10
2026-02-03,W06_Los_Angeles,ZEN-900,12
2026-02-04,W06_Los_Angeles,ZEN-900,5
2026-02-05,W06_Los_Angeles,ZEN-900,9
2026-02-06,W06_Los_Angeles,ZEN-900,5
2026-02-07,W06_Los_Angeles,ZEN-900,9
2026-02-08,W06_Los_Angeles,ZEN-900,9
2026-02-09,W06_Los_Angeles,ZEN-900,7
2026-02-10,W06_Los_Angeles,ZEN-900,7
2026-02-11,W06_Los_Angeles,ZEN-900,10
2026-02-12,W06_Los_Angeles,ZEN-900,6
2026-02-13,W06_Los_Angeles,ZEN-900,7
2026-02-14,W06_Los_Angeles,ZEN-900,5
2026-02-15,W06_Los_Angeles,ZEN-900,9
2026-01-26,W06_Los_Angeles,ZEN-901,9
2026-01-27,W06_Los_Angeles,ZEN-901,13
2026-01-28,W06_Los_Angeles,ZEN-901,10
2026-01-29,W06_Los_Angeles,ZEN-901,10
2026-01-30,W06_Los_Angeles,ZEN-901,11
2026-01-31,W06_Los_Angeles,ZEN-901,12
2026-02-01,W06_Los_Angeles,ZEN-901,8
2026-02-02,W06_Los_Angeles,ZEN-901,9
2026-02-03,W06_Los_Angeles,ZEN-901,8
2026-02-04,W06_Los_Angeles,ZEN-901,11
2026-02-05,W06_Los_Angeles,ZEN-901,12
2026-02-06,W06_Los_Angeles,ZEN-901,14
2026-02-07,W06_Los_Angeles,ZEN-901,8
2026-02-08,W06_Los_Angeles,ZEN-901,5
2026-02-09,W06_Los_Angeles,ZEN-901,5
2026-02-10,W06_Los_Angeles,ZEN-901,4
2026-02-11,W06_Los_Angeles,ZEN-901,9
2026-02-12,W06_Los_Angeles,ZEN-901,11
2026-02-13,W06_Los_Angeles,ZEN-901,9
2026-02-14,W06_Los_Angeles,ZEN-901,14
2026-02-15,W06_Los_Angeles,ZEN-901,9
2026-01-26,W06_Los_Angeles,ZEN-902,11
2026-01-27,W06_Los_Angeles,ZEN-902,10
2026-01-28,W06_Los_Angeles,ZEN-902,10
2026-01-29,W06_Los_Angeles,ZEN-902,13
2026-01-30,W06_Los_Angeles,ZEN-902,3
2026-01-31,W06_Los_Angeles,ZEN-902,11
2026-02-01,W06_Los_Angeles,ZEN-902,8
2026-02-02,W06_Los_Angeles,ZEN-902,8
2026-02-03,W06_Los_Angeles,ZEN-902,11
2026-02-04,W06_Los_Angeles,ZEN-902,11
2026-02-05,W06_Los_Angeles,ZEN-902,9
2026-02-06,W06_Los_Angeles,ZEN-902,1
2026-02-07,W06_Los_Angeles,ZEN-902,18
2026-02-08,W06_Los_Angeles,ZEN-902,4
2026-02-09,W06_Los_Angeles,ZEN-902,6
2026-02-10,W06_Los_Angeles,ZEN-902,12
2026-02-11,W06_Los_Angeles,ZEN-902,11
2026-02-12,W06_Los_Angeles,ZEN-902,14
2026-02-13,W06_Los_Angeles,ZEN-902,8
2026-02-14,W06_Los_Angeles,ZEN-902,12
2026-02-15,W06_Los_Angeles,ZEN-902,7
2026-01-26,W06_Los_Angeles,ZEN-903,2
2026-01-27,W06_Los_Angeles,ZEN-903,7
2026-01-28,W06_Los_Angeles,ZEN-903,7
2026-01-29,W06_Los_Angeles,ZEN-903,9
2026-01-30,W06_Los_Angeles,ZEN-903,10
2026-01-31,W06_Los_Angeles,ZEN-903,12
2026-02-01,W06_Los_Angeles,ZEN-903,11
2026-02-02,W06_Los_Angeles,ZEN-903,13
2026-02-03,W06_Los_Angeles,ZEN-903,13
2026-02-04,W06_Los_Angeles,ZEN-903,3
2026-02-05,W06_Los_Angeles,ZEN-903,9
2026-02-06,W06_Los_Angeles,ZEN-903,10
2026-02-07,W06_Los_Angeles,ZEN-903,11
2026-02-08,W06_Los_Angeles,ZEN-903,12
2026-02-09,W06_Los_Angeles,ZEN-903,11
2026-02-10,W06_Los_Angeles,ZEN-903,8
2026-02-11,W06_Los_Angeles,ZEN-903,14
2026-02-12,W06_Los_Angeles,ZEN-903,8
2026-02-13,W06_Los_Angeles,ZEN-903,9
2026-02-14,W06_Los_Angeles,ZEN-903,12
2026-02-15,W06_Los_Angeles,ZEN-903,7
2026-01-26,W06_Los_Angeles,ZEN-904,11
2026-01-27,W06_Los_Angeles,ZEN-904,8
2026-01-28,W06_Los_Angeles,ZEN-904,14
2026-01-29,W06_Los_Angeles,ZEN-904,8
2026-01-30,W06_Los_Angeles,ZEN-904,8
2026-01-31,W06_Los_Angeles,ZEN-904,9
2026-02-01,W06_Los_Angeles,ZEN-904,10
2026-02-02,W06_Los_Angeles,ZEN-904,7
2026-02-03,W06_Los_Angeles,ZEN-904,6
2026-02-04,W06_Los_Angeles,ZEN-904,11
2026-02-05,W06_Los_Angeles,ZEN-904,14
2026-02-06,W06_Los_Angeles,ZEN-904,10
2026-02-07,W06_Los_Angeles,ZEN-904,10
2026-02-08,W06_Los_Angeles,ZEN-904,7
2026-02-09,W06_Los_Angeles,ZEN-904,13
2026-02-10,W06_Los_Angeles,ZEN-904,4
2026-02-11,W06_Los_Angeles,ZEN-904,12
2026-02-12,W06_Los_Angeles,ZEN-904,11
2026-02-13,W06_Los_Angeles,ZEN-904,9
2026-02-14,W06_Los_Angeles,ZEN-904,12
2026-02-15,W06_Los_Angeles,ZEN-904,14
2026-01-26,W07_Seattle,ZEN-101,17
2026-01-27,W07_Seattle,ZEN-101,11
2026-01-28,W07_Seattle,ZEN-101,10
2026-01-29,W07_Seattle,ZEN-101,8
2026-01-30,W07_Seattle,ZEN-101,10
2026-01-31,W07_Seattle,ZEN-101,4
2026-02-01,W07_Seattle,ZEN-101,6
2026-02-02,W07_Seattle,ZEN-101,11
2026-02-03,W07_Seattle,ZEN-101,16
2026-02-04,W07_Seattle,ZEN-101,11
2026-02-05,W07_Seattle,ZEN-101,14
2026-02-06,W07_Seattle,ZEN-101,12
2026-02-07,W07_Seattle,ZEN-101,11
2026-02-08,W07_Seattle,ZEN-101,14
2026-02-09,W07_Seattle,ZEN-101,12
2026-02-10,W07_Seattle,ZEN-101,9
2026-02-11,W07_Seattle,ZEN-101,9
2026-02-12,W07_Seattle,ZEN-101,5
2026-02-13,W07_Seattle,ZEN-101,7
2026-02-14,W07_Seattle,ZEN-101,7
2026-02-15,W07_Seattle,ZEN-101,7
2026-01-26,W07_Seattle,ZEN-201,10
2026-01-27,W07_Seattle,ZEN-201,13
2026-01-28,W07_Seattle,ZEN-201,8
2026-01-29,W07_Seattle,ZEN-201,6
2026-01-30,W07_Seattle,ZEN-201,9
2026-01-31,W07_Seattle,ZEN-201,4
2026-02-01,W07_Seattle,ZEN-201,4
2026-02-02,W07_Seattle,ZEN-201,16
2026-02-03,W07_Seattle,ZEN-201,11
2026-02-04,W07_Seattle,ZEN-201,10
2026-02-05,W07_Seattle,ZEN-201,11
2026-02-06,W07_Seattle,ZEN-201,6
2026-02-07,W07_Seattle,ZEN-201,5
2026-02-08,W07_Seattle,ZEN-201,4
2026-02-09,W07_Seattle,ZEN-201,9
2026-02-10,W07_Seattle,ZEN-201,9
2026-02-11,W07_Seattle,ZEN-201,11
2026-02-12,W07_Seattle,ZEN-201,4
2026-02-13,W07_Seattle,ZEN-201,11
2026-02-14,W07_Seattle,ZEN-201,7
2026-02-15,W07_Seattle,ZEN-201,9
2026-01-26,W07_Seattle,ZEN-102,9
2026-01-27,W07_Seattle,ZEN-102,12
2026-01-28,W07_Seattle,ZEN-102,8
2026-01-29,W07_Seattle,ZEN-102,12
2026-01-30,W07_Seattle,ZEN-102,10
2026-01-31,W07_Seattle,ZEN-102,6
2026-02-01,W07_Seattle,ZEN-102,7
2026-02-02,W07_Seattle,ZEN-102,11
2026-02-03,W07_Seattle,ZEN-102,11
2026-02-04,W07_Seattle,ZEN-102,6
2026-02-05,W07_Seattle,ZEN-102,7
2026-02-06,W07_Seattle,ZEN-102,13
2026-02-07,W07_Seattle,ZEN-102,10
2026-02-08,W07_Seattle,ZEN-102,6
2026-02-09,W07_Seattle,ZEN-102,11
2026-02-10,W07_Seattle,ZEN-102,10
2026-02-11,W07_Seattle,ZEN-102,12
2026-02-12,W07_Seattle,ZEN-102,8
2026-02-13,W07_Seattle,ZEN-102,10
2026-02-14,W07_Seattle,ZEN-102,12
2026-02-15,W07_Seattle,ZEN-102,12
2026-01-26,W07_Seattle,ZEN-301,9
2026-01-27,W07_Seattle,ZEN-301,9
2026-01-28,W07_Seattle,ZEN-301,6
2026-01-29,W07_Seattle,ZEN-301,12
2026-01-30,W07_Seattle,ZEN-301,5
2026-01-31,W07_Seattle,ZEN-301,7
2026-02-01,W07_Seattle,ZEN-301,13
2026-02-02,W07_Seattle,ZEN-301,12
2026-02-03,W07_Seattle,ZEN-301,9
2026-02-04,W07_Seattle,ZEN-301,11
2026-02-05,W07_Seattle,ZEN-301,8
2026-02-06,W07_Seattle,ZEN-301,9
2026-02-07,W07_Seattle,ZEN-301,10
2026-02-08,W07_Seattle,ZEN-301,13
2026-02-09,W07_Seattle,ZEN-301,8
2026-02-10,W07_Seattle,ZEN-301,1
2026-02-11,W07_Seattle,ZEN-301,10
2026-02-12,W07_Seattle,ZEN-301,16
2026-02-13,W07_Seattle,ZEN-301,5
2026-02-14,W07_Seattle,ZEN-301,14
2026-02-15,W07_Seattle,ZEN-301,7
2026-01-26,W07_Seattle,ZEN-401,12
2026-01-27,W07_Seattle,ZEN-401,4
2026-01-28,W07_Seattle,ZEN-401,12
2026-01-29,W07_Seattle,ZEN-401,7
2026-01-30,W07_Seattle,ZEN-401,11
2026-01-31,W07_Seattle,ZEN-401,10
2026-02-01,W07_Seattle,ZEN-401,13
2026-02-02,W07_Seattle,ZEN-401,10
2026-02-03,W07_Seattle,ZEN-401,17
2026-02-04,W07_Seattle,ZEN-401,8
2026-02-05,W07_Seattle,ZEN-401,10
2026-02-06,W07_Seattle,ZEN-401,10
2026-02-07,W07_Seattle,ZEN-401,7
2026-02-08,W07_Seattle,ZEN-401,10
2026-02-09,W07_Seattle,ZEN-401,10
2026-02-10,W07_Seattle,ZEN-401,11
2026-02-11,W07_Seattle,ZEN-401,10
2026-02-12,W07_Seattle,ZEN-401,13
2026-02-13,W07_Seattle,ZEN-401,8
2026-02-14,W07_Seattle,ZEN-401,11
2026-02-15,W07_Seattle,ZEN-401,7
2026-01-26,W07_Seattle,ZEN-900,4
2026-01-27,W07_Seattle,ZEN-900,14
2026-01-28,W07_Seattle,ZEN-900,1
2026-01-29,W07_Seattle,ZEN-900,12
2026-01-30,W07_Seattle,ZEN-900,11
2026-01-31,W07_Seattle,ZEN-900,5
2026-02-01,W07_Seattle,ZEN-900,10
2026-02-02,W07_Seattle,ZEN-900,10
2026-02-03,W07_Seattle,ZEN-900,8
2026-02-04,W07_Seattle,ZEN-900,8
2026-02-05,W07_Seattle,ZEN-900,12
2026-02-06,W07_Seattle,ZEN-900,11
2026-02-07,W07_Seattle,ZEN-900,4
2026-02-08,W07_Seattle,ZEN-900,6
2026-02-09,W07_Seattle,ZEN-900,8
2026-02-10,W07_Seattle,ZEN-900,14
2026-02-11,W07_Seattle,ZEN-900,11
2026-02-12,W07_Seattle,ZEN-900,13
2026-02-13,W07_Seattle,ZEN-900,9
2026-02-14,W07_Seattle,ZEN-900,11
2026-02-15,W07_Seattle,ZEN-900,9
2026-01-26,W07_Seattle,ZEN-901,14
2026-01-27,W07_Seattle,ZEN-901,12
2026-01-28,W07_Seattle,ZEN-901,8
2026-01-29,W07_Seattle,ZEN-901,13
2026-01-30,W07_Seattle,ZEN-901,6
2026-01-31,W07_Seattle,ZEN-901,10
2026-02-01,W07_Seattle,ZEN-901,8
2026-02-02,W07_Seattle,ZEN-901,5
2026-02-03,W07_Seattle,ZEN-901,12
2026-02-04,W07_Seattle,ZEN-901,9
2026-02-05,W07_Seattle,ZEN-901,14
2026-02-06,W07_Seattle,ZEN-901,17
2026-02-07,W07_Seattle,ZEN-901,5
2026-02-08,W07_Seattle,ZEN-901,12
2026-02-09,W07_Seattle,ZEN-901,7
2026-02-10,W07_Seattle,ZEN-901,13
2026-02-11,W07_Seattle,ZEN-901,7
2026-02-12,W07_Seattle,ZEN-901,13
2026-02-13,W07_Seattle,ZEN-901,12
2026-02-14,W07_Seattle,ZEN-901,5
2026-02-15,W07_Seattle,ZEN-901,11
2026-01-26,W07_Seattle,ZEN-902,12
2026-01-27,W07_Seattle,ZEN-902,9
2026-01-28,W07_Seattle,ZEN-902,14
2026-01-29,W07_Seattle,ZEN-902,9
2026-01-30,W07_Seattle,ZEN-902,6
2026-01-31,W07_Seattle,ZEN-902,11
2026-02-01,W07_Seattle,ZEN-902,12
2026-02-02,W07_Seattle,ZEN-902,12
2026-02-03,W07_Seattle,ZEN-902,13
2026-02-04,W07_Seattle,ZEN-902,9
2026-02-05,W07_Seattle,ZEN-902,10
2026-02-06,W07_Seattle,ZEN-902,14
2026-02-07,W07_Seattle,ZEN-902,13
2026-02-08,W07_Seattle,ZEN-902,13
2026-02-09,W07_Seattle,ZEN-902,12
2026-02-10,W07_Seattle,ZEN-902,7
2026-02-11,W07_Seattle,ZEN-902,4
2026-02-12,W07_Seattle,ZEN-902,8
2026-02-13,W07_Seattle,ZEN-902,7
2026-02-14,W07_Seattle,ZEN-902,11
2026-02-15,W07_Seattle,ZEN-902,13
2026-01-26,W07_Seattle,ZEN-903,9
2026-01-27,W07_Seattle,ZEN-903,4
2026-01-28,W07_Seattle,ZEN-903,13
2026-01-29,W07_Seattle,ZEN-903,10
2026-01-30,W07_Seattle,ZEN-903,8
2026-01-31,W07_Seattle,ZEN-903,14
2026-02-01,W07_Seattle,ZEN-903,6
2026-02-02,W07_Seattle,ZEN-903,10
2026-02-03,W07_Seattle,ZEN-903,10
2026-02-04,W07_Seattle,ZEN-903,10
2026-02-05,W07_Seattle,ZEN-903,14
2026-02-06,W07_Seattle,ZEN-903,11
2026-02-07,W07_Seattle,ZEN-903,15
2026-02-08,W07_Seattle,ZEN-903,12
2026-02-09,W07_Seattle,ZEN-903,9
2026-02-10,W07_Seattle,ZEN-903,13
2026-02-11,W07_Seattle,ZEN-903,9
2026-02-12,W07_Seattle,ZEN-903,12
2026-02-13,W07_Seattle,ZEN-903,13
2026-02-14,W07_Seattle,ZEN-903,14
2026-02-15,W07_Seattle,ZEN-903,6
2026-01-26,W07_Seattle,ZEN-904,8
2026-01-27,W07_Seattle,ZEN-904,8
2026-01-28,W07_Seattle,ZEN-904,10
2026-01-29,W07_Seattle,ZEN-904,9
2026-01-30,W07_Seattle,ZEN-904,9
2026-01-31,W07_Seattle,ZEN-904,8
2026-02-01,W07_Seattle,ZEN-904,7
2026-02-02,W07_Seattle,ZEN-904,10
2026-02-03,W07_Seattle,ZEN-904,8
2026-02-04,W07_Seattle,ZEN-904,8
2026-02-05,W07_Seattle,ZEN-904,14
2026-02-06,W07_Seattle,ZEN-904,10
2026-02-07,W07_Seattle,ZEN-904,9
2026-02-08,W07_Seattle,ZEN-904,9
2026-02-09,W07_Seattle,ZEN-904,10
2026-02-10,W07_Seattle,ZEN-904,6
2026-02-11,W07_Seattle,ZEN-904,10
2026-02-12,W07_Seattle,ZEN-904,3
2026-02-13,W07_Seattle,ZEN-904,6
2026-02-14,W07_Seattle,ZEN-904,7
2026-02-15,W07_Seattle,ZEN-904,14
2026-01-26,W08_Miami,ZEN-101,9
2026-01-27,W08_Miami,ZEN-101,10
2026-01-28,W08_Miami,ZEN-101,8
2026-01-29,W08_Miami,ZEN-101,8
2026-01-30,W08_Miami,ZEN-101,10
2026-01-31,W08_Miami,ZEN-101,10
2026-02-01,W08_Miami,ZEN-101,10
2026-02-02,W08_Miami,ZEN-101,8
2026-02-03,W08_Miami,ZEN-101,10
2026-02-04,W08_Miami,ZEN-101,7
2026-02-05,W08_Miami,ZEN-101,2
2026-02-06,W08_Miami,ZEN-101,14
2026-02-07,W08_Miami,ZEN-101,5
2026-02-08,W08_Miami,ZEN-101,7
2026-02-09,W08_Miami,ZEN-101,8
2026-02-10,W08_Miami,ZEN-101,8
2026-02-11,W08_Miami,ZEN-101,7
2026-02-12,W08_Miami,ZEN-101,10
2026-02-13,W08_Miami,ZEN-101,10
2026-02-14,W08_Miami,ZEN-101,10
2026-02-15,W08_Miami,ZEN-101,9
2026-01-26,W08_Miami,ZEN-201,16
2026-01-27,W08_Miami,ZEN-201,12
2026-01-28,W08_Miami,ZEN-201,14
2026-01-29,W08_Miami,ZEN-201,11
2026-01-30,W08_Miami,ZEN-201,6
2026-01-31,W08_Miami,ZEN-201,9
2026-02-01,W08_Miami,ZEN-201,10
2026-02-02,W08_Miami,ZEN-201,10
2026-02-03,W08_Miami,ZEN-201,13
2026-02-04,W08_Miami,ZEN-201,4
2026-02-05,W08_Miami,ZEN-201,9
2026-02-06,W08_Miami,ZEN-201,3
2026-02-07,W08_Miami,ZEN-201,9
2026-02-08,W08_Miami,ZEN-201,8
2026-02-09,W08_Miami,ZEN-201,14
2026-02-10,W08_Miami,ZEN-201,12
2026-02-11,W08_Miami,ZEN-201,13
2026-02-12,W08_Miami,ZEN-201,6
2026-02-13,W08_Miami,ZEN-201,7
2026-02-14,W08_Miami,ZEN-201,11
2026-02-15,W08_Miami,ZEN-201,14
2026-01-26,W08_Miami,ZEN-102,6
2026-01-27,W08_Miami,ZEN-102,9
2026-01-28,W08_Miami,ZEN-102,10
2026-01-29,W08_Miami,ZEN-102,14
2026-01-30,W08_Miami,ZEN-102,8
2026-01-31,W08_Miami,ZEN-102,12
2026-02-01,W08_Miami,ZEN-102,10
2026-02-02,W08_Miami,ZEN-102,6
2026-02-03,W08_Miami,ZEN-102,16
2026-02-04,W08_Miami,ZEN-102,3
2026-02-05,W08_Miami,ZEN-102,9
2026-02-06,W08_Miami,ZEN-102,10
2026-02-07,W08_Miami,ZEN-102,10
2026-02-08,W08_Miami,ZEN-102,9
2026-02-09,W08_Miami,ZEN-102,11
2026-02-10,W08_Miami,ZEN-102,7
2026-02-11,W08_Miami,ZEN-102,9
2026-02-12,W08_Miami,ZEN-102,17
2026-02-13,W08_Miami,ZEN-102,10
2026-02-14,W08_Miami,ZEN-102,7
2026-02-15,W08_Miami,ZEN-102,7
2026-01-26,W08_Miami,ZEN-301,13
2026-01-27,W08_Miami,ZEN-301,10
2026-01-28,W08_Miami,ZEN-301,5
2026-01-29,W08_Miami,ZEN-301,11
2026-01-30,W08_Miami,ZEN-301,11
2026-01-31,W08_Miami,ZEN-301,8
2026-02-01,W08_Miami,ZEN-301,13
2026-02-02,W08_Miami,ZEN-301,9
2026-02-03,W08_Miami,ZEN-301,6
2026-02-04,W08_Miami,ZEN-301,11
2026-02-05,W08_Miami,ZEN-301,10
2026-02-06,W08_Miami,ZEN-301,10
2026-02-07,W08_Miami,ZEN-301,8
2026-02-08,W08_Miami,ZEN-301,12
2026-02-09,W08_Miami,ZEN-301,11
2026-02-10,W08_Miami,ZEN-301,8
2026-02-11,W08_Miami,ZEN-301,7
2026-02-12,W08_Miami,ZEN-301,7
2026-02-13,W08_Miami,ZEN-301,12
2026-02-14,W08_Miami,ZEN-301,7
2026-02-15,W08_Miami,ZEN-301,7
2026-01-26,W08_Miami,ZEN-401,9
2026-01-27,W08_Miami,ZEN-401,11
2026-01-28,W08_Miami,ZEN-401,8
2026-01-29,W08_Miami,ZEN-401,12
2026-01-30,W08_Miami,ZEN-401,14
2026-01-31,W08_Miami,ZEN-401,7
2026-02-01,W08_Miami,ZEN-401,8
2026-02-02,W08_Miami,ZEN-401,10
2026-02-03,W08_Miami,ZEN-401,6
2026-02-04,W08_Miami,ZEN-401,10
2026-02-05,W08_Miami,ZEN-401,7
2026-02-06,W08_Miami,ZEN-401,11
2026-02-07,W08_Miami,ZEN-401,9
2026-02-08,W08_Miami,ZEN-401,9
2026-02-09,W08_Miami,ZEN-401,7
2026-02-10,W08_Miami,ZEN-401,9
2026-02-11,W08_Miami,ZEN-401,10
2026-02-12,W08_Miami,ZEN-401,11
2026-02-13,W08_Miami,ZEN-401,5
2026-02-14,W08_Miami,ZEN-401,10
2026-02-15,W08_Miami,ZEN-401,6
2026-01-26,W08_Miami,ZEN-900,4
2026-01-27,W08_Miami,ZEN-900,11
2026-01-28,W08_Miami,ZEN-900,14
2026-01-29,W08_Miami,ZEN-900,8
2026-01-30,W08_Miami,ZEN-900,6
2026-01-31,W08_Miami,ZEN-900,11
2026-02-01,W08_Miami,ZEN-900,14
2026-02-02,W08_Miami,ZEN-900,8
2026-02-03,W08_Miami,ZEN-900,9
2026-02-04,W08_Miami,ZEN-900,10
2026-02-05,W08_Miami,ZEN-900,8
2026-02-06,W08_Miami,ZEN-900,10
2026-02-07,W08_Miami,ZEN-900,16
2026-02-08,W08_Miami,ZEN-900,2
2026-02-09,W08_Miami,ZEN-900,13
2026-02-10,W08_Miami,ZEN-900,9
2026-02-11,W08_Miami,ZEN-900,8
2026-02-12,W08_Miami,ZEN-900,10
2026-02-13,W08_Miami,ZEN-900,9
2026-02-14,W08_Miami,ZEN-900,7
2026-02-15,W08_Miami,ZEN-900,11
2026-01-26,W08_Miami,ZEN-901,12
2026-01-27,W08_Miami,ZEN-901,7
2026-01-28,W08_Miami,ZEN-901,9
2026-01-29,W08_Miami,ZEN-901,11
2026-01-30,W08_Miami,ZEN-901,10
2026-01-31,W08_Miami,ZEN-901,3
2026-02-01,W08_Miami,ZEN-901,7
2026-02-02,W08_Miami,ZEN-901,12
2026-02-03,W08_Miami,ZEN-901,9
2026-02-04,W08_Miami,ZEN-901,10
2026-02-05,W08_Miami,ZEN-901,10
2026-02-06,W08_Miami,ZEN-901,12
2026-02-07,W08_Miami,ZEN-901,7
2026-02-08,W08_Miami,ZEN-901,8
2026-02-09,W08_Miami,ZEN-901,8
2026-02-10,W08_Miami,ZEN-901,7
2026-02-11,W08_Miami,ZEN-901,12
2026-02-12,W08_Miami,ZEN-901,5
2026-02-13,W08_Miami,ZEN-901,4
2026-02-14,W08_Miami,ZEN-901,8
2026-02-15,W08_Miami,ZEN-901,13
2026-01-26,W08_Miami,ZEN-902,8
2026-01-27,W08_Miami,ZEN-902,11
2026-01-28,W08_Miami,ZEN-902,4
2026-01-29,W08_Miami,ZEN-902,17
2026-01-30,W08_Miami,ZEN-902,9
2026-01-31,W08_Miami,ZEN-902,10
2026-02-01,W08_Miami,ZEN-902,10
2026-02-02,W08_Miami,ZEN-902,12
2026-02-03,W08_Miami,ZEN-902,12
2026-02-04,W08_Miami,ZEN-902,13
2026-02-05,W08_Miami,ZEN-902,5
2026-02-06,W08_Miami,ZEN-902,7
2026-02-07,W08_Miami,ZEN-902,10
2026-02-08,W08_Miami,ZEN-902,17
2026-02-09,W08_Miami,ZEN-902,16
2026-02-10,W08_Miami,ZEN-902,8
2026-02-11,W08_Miami,ZEN-902,7
2026-02-12,W08_Miami,ZEN-902,10
2026-02-13,W08_Miami,ZEN-902,3
2026-02-14,W08_Miami,ZEN-902,8
2026-02-15,W08_Miami,ZEN-902,10
2026-01-26,W08_Miami,ZEN-903,9
2026-01-27,W08_Miami,ZEN-903,9
2026-01-28,W08_Miami,ZEN-903,9
2026-01-29,W08_Miami,ZEN-903,9
2026-01-30,W08_Miami,ZEN-903,10
2026-01-31,W08_Miami,ZEN-903,7
2026-02-01,W08_Miami,ZEN-903,12
2026-02-02,W08_Miami,ZEN-903,11
2026-02-03,W08_Miami,ZEN-903,9
2026-02-04,W08_Miami,ZEN-903,13
2026-02-05,W08_Miami,ZEN-903,8
2026-02-06,W08_Miami,ZEN-903,11
2026-02-07,W08_Miami,ZEN-903,10
2026-02-08,W08_Miami,ZEN-903,10
2026-02-09,W08_Miami,ZEN-903,4
2026-02-10,W08_Miami,ZEN-903,9
2026-02-11,W08_Miami,ZEN-903,8
2026-02-12,W08_Miami,ZEN-903,11
2026-02-13,W08_Miami,ZEN-903,9
2026-02-14,W08_Miami,ZEN-903,11
2026-02-15,W08_Miami,ZEN-903,9
2026-01-26,W08_Miami,ZEN-904,8
2026-01-27,W08_Miami,ZEN-904,11
2026-01-28,W08_Miami,ZEN-904,11
2026-01-29,W08_Miami,ZEN-904,16
2026-01-30,W08_Miami,ZEN-904,7
2026-01-31,W08_Miami,ZEN-904,13
2026-02-01,W08_Miami,ZEN-904,7
2026-02-02,W08_Miami,ZEN-904,10
2026-02-03,W08_Miami,ZEN-904,10
2026-02-04,W08_Miami,ZEN-904,13
2026-02-05,W08_Miami,ZEN-904,7
2026-02-06,W08_Miami,ZEN-904,12
2026-02-07,W08_Miami,ZEN-904,12
2026-02-08,W08_Miami,ZEN-904,14
2026-02-09,W08_Miami,ZEN-904,3
2026-02-10,W08_Miami,ZEN-904,10
2026-02-11,W08_Miami,ZEN-904,9
2026-02-12,W08_Miami,ZEN-904,13
2026-02-13,W08_Miami,ZEN-904,10
2026-02-14,W08_Miami,ZEN-904,13
2026-02-15,W08_Miami,ZEN-904,8
2026-01-26,W09_St_Louis,ZEN-101,5
2026-01-27,W09_St_Louis,ZEN-101,10
2026-01-28,W09_St_Louis,ZEN-101,6
2026-01-29,W09_St_Louis,ZEN-101,11
2026-01-30,W09_St_Louis,ZEN-101,13
2026-01-31,W09_St_Louis,ZEN-101,13
2026-02-01,W09_St_Louis,ZEN-101,7
2026-02-02,W09_St_Louis,ZEN-101,8
2026-02-03,W09_St_Louis,ZEN-101,13
2026-02-04,W09_St_Louis,ZEN-101,7
2026-02-05,W09_St_Louis,ZEN-101,12
2026-02-06,W09_St_Louis,ZEN-101,11
2026-02-07,W09_St_Louis,ZEN-101,14
2026-02-08,W09_St_Louis,ZEN-101,11
2026-02-09,W09_St_Louis,ZEN-101,4
2026-02-10,W09_St_Louis,ZEN-101,13
2026-02-11,W09_St_Louis,ZEN-101,10
2026-02-12,W09_St_Louis,ZEN-101,11
2026-02-13,W09_St_Louis,ZEN-101,10
2026-02-14,W09_St_Louis,ZEN-101,13
2026-02-15,W09_St_Louis,ZEN-101,11
2026-01-26,W09_St_Louis,ZEN-201,12
2026-01-27,W09_St_Louis,ZEN-201,8
2026-01-28,W09_St_Louis,ZEN-201,4
2026-01-29,W09_St_Louis,ZEN-201,9
2026-01-30,W09_St_Louis,ZEN-201,6
2026-01-31,W09_St_Louis,ZEN-201,13
2026-02-01,W09_St_Louis,ZEN-201,3
2026-02-02,W09_St_Louis,ZEN-201,12
2026-02-03,W09_St_Louis,ZEN-201,8
2026-02-04,W09_St_Louis,ZEN-201,9
2026-02-05,W09_St_Louis,ZEN-201,12
2026-02-06,W09_St_Louis,ZEN-201,9
2026-02-07,W09_St_Louis,ZEN-201,8
2026-02-08,W09_St_Louis,ZEN-201,7
2026-02-09,W09_St_Louis,ZEN-201,12
2026-02-10,W09_St_Louis,ZEN-201,5
2026-02-11,W09_St_Louis,ZEN-201,1
2026-02-12,W09_St_Louis,ZEN-201,8
2026-02-13,W09_St_Louis,ZEN-201,8
2026-02-14,W09_St_Louis,ZEN-201,13
2026-02-15,W09_St_Louis,ZEN-201,10
2026-01-26,W09_St_Louis,ZEN-102,4
2026-01-27,W09_St_Louis,ZEN-102,11
2026-01-28,W09_St_Louis,ZEN-102,9
2026-01-29,W09_St_Louis,ZEN-102,10
2026-01-30,W09_St_Louis,ZEN-102,12
2026-01-31,W09_St_Louis,ZEN-102,12
2026-02-01,W09_St_Louis,ZEN-102,5
2026-02-02,W09_St_Louis,ZEN-102,11
2026-02-03,W09_St_Louis,ZEN-102,3
2026-02-04,W09_St_Louis,ZEN-102,6
2026-02-05,W09_St_Louis,ZEN-102,14
2026-02-06,W09_St_Louis,ZEN-102,10
2026-02-07,W09_St_Louis,ZEN-102,12
2026-02-08,W09_St_Louis,ZEN-102,12
2026-02-09,W09_St_Louis,ZEN-102,9
2026-02-10,W09_St_Louis,ZEN-102,16
2026-02-11,W09_St_Louis,ZEN-102,10
2026-02-12,W09_St_Louis,ZEN-102,11
2026-02-13,W09_St_Louis,ZEN-102,4
2026-02-14,W09_St_Louis,ZEN-102,11
2026-02-15,W09_St_Louis,ZEN-102,14
2026-01-26,W09_St_Louis,ZEN-301,10
2026-01-27,W09_St_Louis,ZEN-301,7
2026-01-28,W09_St_Louis,ZEN-301,12
2026-01-29,W09_St_Louis,ZEN-301,4
2026-01-30,W09_St_Louis,ZEN-301,15
2026-01-31,W09_St_Louis,ZEN-301,8
2026-02-01,W09_St_Louis,ZEN-301,8
2026-02-02,W09_St_Louis,ZEN-301,7
2026-02-03,W09_St_Louis,ZEN-301,12
2026-02-04,W09_St_Louis,ZEN-301,12
2026-02-05,W09_St_Louis,ZEN-301,7
2026-02-06,W09_St_Louis,ZEN-301,11
2026-02-07,W09_St_Louis,ZEN-301,11
2026-02-08,W09_St_Louis,ZEN-301,14
2026-02-09,W09_St_Louis,ZEN-301,3
2026-02-10,W09_St_Louis,ZEN-301,6
2026-02-11,W09_St_Louis,ZEN-301,13
2026-02-12,W09_St_Louis,ZEN-301,11
2026-02-13,W09_St_Louis,ZEN-301,7
2026-02-14,W09_St_Louis,ZEN-301,6
2026-02-15,W09_St_Louis,ZEN-301,6
2026-01-26,W09_St_Louis,ZEN-401,12
2026-01-27,W09_St_Louis,ZEN-401,9
2026-01-28,W09_St_Louis,ZEN-401,9
2026-01-29,W09_St_Louis,ZEN-401,7
2026-01-30,W09_St_Louis,ZEN-401,6
2026-01-31,W09_St_Louis,ZEN-401,6
2026-02-01,W09_St_Louis,ZEN-401,4
2026-02-02,W09_St_Louis,ZEN-401,7
2026-02-03,W09_St_Louis,ZEN-401,8
2026-02-04,W09_St_Louis,ZEN-401,13
2026-02-05,W09_St_Louis,ZEN-401,7
2026-02-06,W09_St_Louis,ZEN-401,8
2026-02-07,W09_St_Louis,ZEN-401,12
2026-02-08,W09_St_Louis,ZEN-401,7
2026-02-09,W09_St_Louis,ZEN-401,4
2026-02-10,W09_St_Louis,ZEN-401,15
2026-02-11,W09_St_Louis,ZEN-401,6
2026-02-12,W09_St_Louis,ZEN-401,8
2026-02-13,W09_St_Louis,ZEN-401,9
2026-02-14,W09_St_Louis,ZEN-401,8
2026-02-15,W09_St_Louis,ZEN-401,11
2026-01-26,W09_St_Louis,ZEN-900,6
2026-01-27,W09_St_Louis,ZEN-900,9
2026-01-28,W09_St_Louis,ZEN-900,10
2026-01-29,W09_St_Louis,ZEN-900,13
2026-01-30,W09_St_Louis,ZEN-900,10
2026-01-31,W09_St_Louis,ZEN-900,6
2026-02-01,W09_St_Louis,ZEN-900,14
2026-02-02,W09_St_Louis,ZEN-900,6
2026-02-03,W09_St_Louis,ZEN-900,20
2026-02-04,W09_St_Louis,ZEN-900,14
2026-02-05,W09_St_Louis,ZEN-900,6
2026-02-06,W09_St_Louis,ZEN-900,8
2026-02-07,W09_St_Louis,ZEN-900,9
2026-02-08,W09_St_Louis,ZEN-900,9
2026-02-09,W09_St_Louis,ZEN-900,8
2026-02-10,W09_St_Louis,ZEN-900,8
2026-02-11,W09_St_Louis,ZEN-900,14
2026-02-12,W09_St_Louis,ZEN-900,14
2026-02-13,W09_St_Louis,ZEN-900,12
2026-02-14,W09_St_Louis,ZEN-900,11
2026-02-15,W09_St_Louis,ZEN-900,11
2026-01-26,W09_St_Louis,ZEN-901,5
2026-01-27,W09_St_Louis,ZEN-901,12
2026-01-28,W09_St_Louis,ZEN-901,10
2026-01-29,W09_St_Louis,ZEN-901,10
2026-01-30,W09_St_Louis,ZEN-901,9
2026-01-31,W09_St_Louis,ZEN-901,8
2026-02-01,W09_St_Louis,ZEN-901,7
2026-02-02,W09_St_Louis,ZEN-901,8
2026-02-03,W09_St_Louis,ZEN-901,10
2026-02-04,W09_St_Louis,ZEN-901,12
2026-02-05,W09_St_Louis,ZEN-901,10
2026-02-06,W09_St_Louis,ZEN-901,11
2026-02-07,W09_St_Louis,ZEN-901,5
2026-02-08,W09_St_Louis,ZEN-901,11
2026-02-09,W09_St_Louis,ZEN-901,8
2026-02-10,W09_St_Louis,ZEN-901,9
2026-02-11,W09_St_Louis,ZEN-901,6
2026-02-12,W09_St_Louis,ZEN-901,5
2026-02-13,W09_St_Louis,ZEN-901,11
2026-02-14,W09_St_Louis,ZEN-901,9
2026-02-15,W09_St_Louis,ZEN-901,6
2026-01-26,W09_St_Louis,ZEN-902,10
2026-01-27,W09_St_Louis,ZEN-902,4
2026-01-28,W09_St_Louis,ZEN-902,9
2026-01-29,W09_St_Louis,ZEN-902,10
2026-01-30,W09_St_Louis,ZEN-902,11
2026-01-31,W09_St_Louis,ZEN-902,15
2026-02-01,W09_St_Louis,ZEN-902,14
2026-02-02,W09_St_Louis,ZEN-902,6
2026-02-03,W09_St_Louis,ZEN-902,11
2026-02-04,W09_St_Louis,ZEN-902,9
2026-02-05,W09_St_Louis,ZEN-902,7
2026-02-06,W09_St_Louis,ZEN-902,9
2026-02-07,W09_St_Louis,ZEN-902,7
2026-02-08,W09_St_Louis,ZEN-902,11
2026-02-09,W09_St_Louis,ZEN-902,12
2026-02-10,W09_St_Louis,ZEN-902,10
2026-02-11,W09_St_Louis,ZEN-902,13
2026-02-12,W09_St_Louis,ZEN-902,10
2026-02-13,W09_St_Louis,ZEN-902,10
2026-02-14,W09_St_Louis,ZEN-902,12
2026-02-15,W09_St_Louis,ZEN-902,3
2026-01-26,W09_St_Louis,ZEN-903,9
2026-01-27,W09_St_Louis,ZEN-903,9
2026-01-28,W09_St_Louis,ZEN-903,9
2026-01-29,W09_St_Louis,ZEN-903,12
2026-01-30,W09_St_Louis,ZEN-903,4
2026-01-31,W09_St_Louis,ZEN-903,10
2026-02-01,W09_St_Louis,ZEN-903,12
2026-02-02,W09_St_Louis,ZEN-903,11
2026-02-03,W09_St_Louis,ZEN-903,6
2026-02-04,W09_St_Louis,ZEN-903,13
2026-02-05,W09_St_Louis,ZEN-903,5
2026-02-06,W09_St_Louis,ZEN-903,8
2026-02-07,W09_St_Louis,ZEN-903,7
2026-02-08,W09_St_Louis,ZEN-903,2
2026-02-09,W09_St_Louis,ZEN-903,7
2026-02-10,W09_St_Louis,ZEN-903,9
2026-02-11,W09_St_Louis,ZEN-903,7
2026-02-12,W09_St_Louis,ZEN-903,15
2026-02-13,W09_St_Louis,ZEN-903,9
2026-02-14,W09_St_Louis,ZEN-903,12
2026-02-15,W09_St_Louis,ZEN-903,13
2026-01-26,W09_St_Louis,ZEN-904,15
2026-01-27,W09_St_Louis,ZEN-904,13
2026-01-28,W09_St_Louis,ZEN-904,14
2026-01-29,W09_St_Louis,ZEN-904,10
2026-01-30,W09_St_Louis,ZEN-904,12
2026-01-31,W09_St_Louis,ZEN-904,6
2026-02-01,W09_St_Louis,ZEN-904,16
2026-02-02,W09_St_Louis,ZEN-904,10
2026-02-03,W09_St_Louis,ZEN-904,8
2026-02-04,W09_St_Louis,ZEN-904,9
2026-02-05,W09_St_Louis,ZEN-904,12
2026-02-06,W09_St_Louis,ZEN-904,9
2026-02-07,W09_St_Louis,ZEN-904,7
2026-02-08,W09_St_Louis,ZEN-904,14
2026-02-09,W09_St_Louis,ZEN-904,9
2026-02-10,W09_St_Louis,ZEN-904,8
2026-02-11,W09_St_Louis,ZEN-904,5
2026-02-12,W09_St_Louis,ZEN-904,7
2026-02-13,W09_St_Louis,ZEN-904,7
2026-02-14,W09_St_Louis,ZEN-904,11
2026-02-15,W09_St_Louis,ZEN-904,7
